"Index","Artist","Title","Mood"
"ML1","George Michael","I Want Your Sex","happy"
"ML2","Rob Zombie","Pussy Liquor","angry"
"ML3","Katatonia",12,"sad"
"ML4","Bing Crosby","Swinging On A Star","happy"
"ML5","Ludacris","Get Back","angry"
"ML6","Hole","Violet","angry"
"ML7","Manic Street Preachers","Ifwhiteamericatoldthetruthforonedayit'sworldwouldfallapart","angry"
"ML8","Emerson Hart","If You're Gonna Leave","sad"
"ML9","Megadeth","Architecture of Aggression","angry"
"ML10","Blondie","Heart of Glass","happy"
"ML11","The Clientele","Impossible","relaxed"
"ML12","The Tallest Man on Earth","Love Is All","sad"
"ML13","Garbage","Silence Is Golden","angry"
"ML14","Van Morrison","And It Stoned Me","relaxed"
"ML15","The Proclaimers","I'm On My Way","happy"
"ML16","50 Cent","My Gun Go Off","angry"
"ML17","Collie Buddz","Mamacita","happy"
"ML18","Avenged Sevenfold","Coming Home","angry"
"ML19","Avril Lavigne","How Does It Feel","sad"
"ML20","The Streets","Never Went to Church","sad"
"ML21","Geto Boys","Chuckie","angry"
"ML22","David Sylvian","September","relaxed"
"ML23","Demon Hunter","The Tide Began To Rise","sad"
"ML24","Lily Holbrook","Better Left Unsaid","sad"
"ML25","Creed","Illusion","angry"
"ML26","Egotrippi","Matkustaja","sad"
"ML27","The Whitest Boy Alive","Don't Give Up","relaxed"
"ML28","Opeth","By the Pain I See in Others","sad"
"ML29","Salt The Wound","Better Than This","angry"
"ML30","Iron Maiden","Aces High","angry"
"ML31","Norah Jones","The Prettiest Thing","relaxed"
"ML32","Lamb","Written","relaxed"
"ML33","Nickleback","Rockstar","angry"
"ML34","Mastodon","Megalodon","angry"
"ML35","Natalie Walker","No One Else","relaxed"
"ML36","Stephen Lynch","Country Love Song","happy"
"ML37","Stereophonics","Bright Red Star","sad"
"ML38","Bad Manners","Can Can","happy"
"ML39","Hollywood Undead","Young","angry"
"ML40","Hooverphonic","The Magnificent Tree","relaxed"
"ML41","Working for a Nuclear Free City","Quiet Place","relaxed"
"ML42","Bruce Springsteen","Atlantic City","sad"
"ML43","Alison Moyet","Invisible","sad"
"ML44","Eminem","We Made You","happy"
"ML45","Polly Scattergood","I Hate The Way","sad"
"ML46","Ulrich Schnauss","Wherever You Are","relaxed"
"ML47","Tom Lehrer","We Will All Go Together When We Go","happy"
"ML48","Helena Bonham Carter & Johnny Depp","Poor Thing","sad"
"ML49","Megadeth","The World Needs a Hero","angry"
"ML50","Morrissey","Life Is A Pigsty","sad"
"ML51","Muse","Agitated","angry"
"ML52","Fourplay","Fields Of Gold","relaxed"
"ML53","Rascal Flatts","Summer Nights","happy"
"ML54","JosÃƒÂ© Padilla","Adios Ayer","relaxed"
"ML55","Emiliana Torrini","Jungle Drums","happy"
"ML56","Dr. Dog","The Breeze","relaxed"
"ML57","Girls In Hawaii","Bees & butterflies","relaxed"
"ML58","Cradle of Filth","Dirge Inferno","angry"
"ML59","Foals","Big Big Love (Fig. 2)","relaxed"
"ML60","Metallica","Welcome Home (Sanitarium)","sad"
"ML61","Imogen Heap","Little Bird","relaxed"
"ML62","The Flying Burrito Brothers","Do You Know How It Feels","sad"
"ML63","Grizzly Bear","Easier","relaxed"
"ML64","Eric Church","Sinners Like Me","relaxed"
"ML65","Bachman-Turner Overdrive","Roll On Down The Highway","happy"
"ML66","ZZ Top","Gimme All Your Lovin'","happy"
"ML67","System of a Down","War?","angry"
"ML68","Nachtmahr","Feuer Frei!","angry"
"ML69","Stacey Kent","Bali Ha'i","relaxed"
"ML70","Taylor Swift","You Belong With Me","happy"
"ML71","The World/Inferno Friendship Society","Only Anarchists Are Pretty","happy"
"ML72","Tiger Lou","Like my very own blood","sad"
"ML73","Slayer","Spiritual Law","angry"
"ML74","COLD","Stupid Girl","angry"
"ML75","Grand Archives","Torn Blue Foam Couch","relaxed"
"ML76","Ania","Turu Tu Tu...","sad"
"ML77","Reel Big Fish","New York, New York","happy"
"ML78","Loverboy","Hot Girls In Love","happy"
"ML79","Judas Priest","Bullet Train","angry"
"ML80","The Foreshadowing","The Wandering","sad"
"ML81","Erik Hassle","Hurtful","sad"
"ML82","Good Charlotte","Girls & Boys","happy"
"ML83","Riverside","Before","sad"
"ML84","Saybia","The One For You","sad"
"ML85","The Jam","Bricks And Mortar","angry"
"ML86","Symphony X","The Divine Wings Of Tragedy","sad"
"ML87","Nirvana","Scentless Apprentice","angry"
"ML88","Deborah Harry","End Of The Run","sad"
"ML89","Shania Twain","Man! I Feel Like A Woman!","happy"
"ML90","BjÃƒÂ¶rn RosenstrÃƒÂ¶m","Mamma","happy"
"ML91","The Ataris","The Boys Of Summer","happy"
"ML92","Angie Stone","U-Haul","relaxed"
"ML93","The Pipettes","Dirty Mind","happy"
"ML94","Katie Melua","If The Lights Go Out","relaxed"
"ML95","Steve Goodman","My Old Man","sad"
"ML96","Atari Teenage Riot","Deutschland (Has Gotta Die!)","angry"
"ML97","U2","Sunday Bloody Sunday","angry"
"ML98","Longing for Dawn","Lethal","sad"
"ML99","Metallica","Metal Militia","angry"
"ML100","Queen","Crazy Little Thing Called Love","happy"
"ML101","Talking Heads","Psycho Killer","angry"
"ML102","Matt Costa","Lilacs","relaxed"
"ML103","Reel 2 Real","I Like to Move It","happy"
"ML104","Kelly Clarkson","Already Gone","sad"
"ML105","Diana Krall","You're My Thrill","relaxed"
"ML106","Kanye West","We Don't Care","happy"
"ML107","Rocky Votolato","Tennessee Train Tracks","relaxed"
"ML108","Darren Hayes","A Conversation With God","sad"
"ML109","Okkervil River","So Come Back, I Am Waiting","sad"
"ML110","Bloodhound Gang","The Bad Touch","happy"
"ML111","Mudvayne","Dig","angry"
"ML112","Megadeth","Recipe for Hate...Warhorse","angry"
"ML113","Peter Sellers","Unchained Melody","happy"
"ML114","The Replacements","Can't Hardly Wait","sad"
"ML115","The Rolling Stones","Coming Down Again","sad"
"ML116","MÃƒÂ³veis Coloniais de Acaju","Swing hum e meio","happy"
"ML117","Dream Theater","The Enemy Inside","angry"
"ML118","Dave Matthews Band","Old Dirt Hill (Bring That Beat Back)","relaxed"
"ML119","Maggie Reilly","All My Heart Can Hold","sad"
"ML120","Xavier Rudd","Better People","relaxed"
"ML121","George Jones","He Stopped Loving Her Today","sad"
"ML122","CafÃƒÂ© Tacuba","Las Flores","happy"
"ML123","Jack Johnson","They Do, They Don't","relaxed"
"ML124","Pearl Jam","Crazy Mary","sad"
"ML125","Billie Holiday","Lady Sings The Blues","sad"
"ML126","The Saturdays","Fall","sad"
"ML127","Etta James","My Dearest Darling","happy"
"ML128","Guided by Voices","Don't Stop Now","sad"
"ML129","The Adicts","Chinese Takeaway","happy"
"ML130","JoÃƒÂ£o Gilberto","Chega De Saudade","relaxed"
"ML131","DJ Sammy","The Boys Of Summer","happy"
"ML132","Stephen Lynch","For The Ladies","happy"
"ML133","Howard Jones","Things Can Only Get Better","happy"
"ML134","New Order","Crystal","happy"
"ML135","DMX","We in Here","angry"
"ML136","JaromÃƒÂ­r Nohavica","JeÃ…Â¡tÃ„Â› mi schÃƒÂ¡zÃƒÂ­Ã…Â¡","sad"
"ML137","Maria Taylor","Two Of Those Too (Album Version)","relaxed"
"ML138","Atlas Sound","River Card","relaxed"
"ML139","Tiger Lou","The Wake/Hooray Hooray","relaxed"
"ML140","Donald Byrd","Think Twice","relaxed"
"ML141","of Montreal","Touched Something's Hollow","sad"
"ML142","Charlotte Church","Show A Little Faith","relaxed"
"ML143","Bob Dylan","One Of Us Must Know (Sooner Or Later)","sad"
"ML144","Mickey & Sylvia","Love Is Strange","happy"
"ML145","Sarah Blasko","The Woman By The Well","relaxed"
"ML146","Lily Allen","Not Fair","happy"
"ML147","Sade","Cherish The Day","relaxed"
"ML148","Tanya Stephens","It's A Pity","happy"
"ML149","Black Sabbath","Sabbath Bloody Sabbath","angry"
"ML150","AC/DC","Flick of the Switch","angry"
"ML151","Violent Femmes","It's Gonna Rain","happy"
"ML152","Sepultura","Territory","angry"
"ML153","Conway Twitty","That's My Job","sad"
"ML154","Black Flag","Police Story","angry"
"ML155","Nine Inch Nails","Every Day Is Exactly The Same","sad"
"ML156","Daniel Lanois","Sometimes","relaxed"
"ML157","The Supremes","Love Is Like An Itching In My Heart","happy"
"ML158","Babyshambles","Killamangiro","happy"
"ML159","Stabbing Westward","Drowning","sad"
"ML160","City and Colour","Save Your Scissors","relaxed"
"ML161","Anthrax","Among the Living","angry"
"ML162","Slayer","War Zone","angry"
"ML163","Cassandra Wilson","If Loving You Is Wrong","relaxed"
"ML164","As I Lay Dying","An Ocean Between Us","angry"
"ML165","Avenged Sevenfold","Nightmare","angry"
"ML166","ElectroVamp","I Don't Like The Vibe In The VIP","happy"
"ML167","Alice in Chains","Sludge Factory","sad"
"ML168","Megadeth","Psychotron","angry"
"ML169","Shakira","Un Poco De Amor","happy"
"ML170","Nick Cave and the Bad Seeds","Oh My Lord","sad"
"ML171","Natalie Merchant","Just Can't Last","relaxed"
"ML172","Silversun Pickups","Booksmart Devil","relaxed"
"ML173","The Mountain Goats","No Children","sad"
"ML174","Britney Spears","If U Seek Amy","happy"
"ML175","O-Zone","Dragostea Din Tei","happy"
"ML176","Ozzy Osbourne","Suicide Solution","angry"
"ML177","Sheb Wooley","The Purple People Eater","happy"
"ML178","Enzo Jannacci","Ho Visto Un Re","happy"
"ML179","Megadeth","Dread and the Fugitive Mind","angry"
"ML180","Jack Johnson","Hope","relaxed"
"ML181","Jane Monheit","More Than You Know","relaxed"
"ML182","Rage Against the Machine","How I Could Just Kill A Man","angry"
"ML183","Jimi Hendrix Experience","Fire","angry"
"ML184","Marilyn Monroe","I Wanna Be Loved By You","happy"
"ML185","Burial","Distant Lights","sad"
"ML186","Lykke Li","Sadness Is a Blessing","sad"
"ML187","Carrie Underwood","I Told You So","sad"
"ML188","Scissor Sisters","Lights","happy"
"ML189","Lenny Kravitz","Will You Marry Me","happy"
"ML190","Queensryche","The Needle Lies","angry"
"ML191","My Dying Bride","The Cry of Mankind","sad"
"ML192","Miley Cyrus","7 Things","happy"
"ML193","Juana Molina","Vaca que cambia de querencia","relaxed"
"ML194","K's Choice","If You're Not Scared","sad"
"ML195","Mylo","Sunworshipper","relaxed"
"ML196","Jamie Cullum","Singin' In The Rain","relaxed"
"ML197","Wire","I Am the Fly","angry"
"ML198","Ricky Martin","Livin' La Vida Loca","happy"
"ML199","Soundgarden","Limo Wreck","sad"
"ML200","Sopor Aeternus & The Ensemble Of Shadows","Bitter Sweet","sad"
"ML201","Blue ÃƒÂ–yster Cult","Nosferatu","angry"
"ML202","Five Iron Frenzy","My Evil Plan To Save The World","happy"
"ML203","Violent Femmes","I Know It's True but I'm Sorry to Say","sad"
"ML204","Tenacious D","Kielbasa","happy"
"ML205","Saosin","Sleepers","angry"
"ML206","Anthrax","Potters Field","angry"
"ML207","Aimee Mann","Little Bombs","sad"
"ML208","Chevelle","The Red","angry"
"ML209","Jason Collett","Blue Sky","relaxed"
"ML210","LCD Soundsystem","All My Friends (John Cale's Version)","sad"
"ML211","Sandy Denny","Bushes And Briars","sad"
"ML212","Marcy Playground","Punk Rock Superstar","happy"
"ML213","Emilie Simon","Le Vieil Amant","relaxed"
"ML214","Pink Turns Blue","Your Master Is Calling","sad"
"ML215","IVY","Clear My Head","relaxed"
"ML216","Tom Petty And The Heartbreakers","American Girl","happy"
"ML217","Etta James","A Sunday Kind Of Love","relaxed"
"ML218","Mud","Lonely This Christmas","sad"
"ML219","Queens Of The Stone Age","Everybody Knows That You Are Insane","angry"
"ML220","The Gathering","These Good People","sad"
"ML221","The Fratellis","Cuntry Boys & City Girls","happy"
"ML222","Molotov","Puto","happy"
"ML223","Victoria Beckham","I Wish","happy"
"ML224","Ours","Dizzy","sad"
"ML225","The Blackbyrds","Walking In Rhythm","happy"
"ML226","Tori Amos","Velvet Revolution","sad"
"ML227","Doors","Break on Through (To the Other Side)","angry"
"ML228","Megadeth","FFF","angry"
"ML229","Camper Van Beethoven","Good Guys & Bad Guys","happy"
"ML230","Slayer","Spirit in Black","angry"
"ML231","theaudience","Keep In Touch","relaxed"
"ML232","Belle and Sebastian","Roy Walker","happy"
"ML233","Lamb of God","As the Palaces Burn","angry"
"ML234","New York Dolls","Personality Crisis","angry"
"ML235","Suicide Silence","Unanswered","angry"
"ML236","The Dodos","It's That Time Again","sad"
"ML237","Diamanda GalÃƒÂ¡s","Deliver Me From Mine Enemies","angry"
"ML238","Cream","We're Going Wrong","sad"
"ML239","IVY","Edge of the Ocean","relaxed"
"ML240","The Stooges","Your Pretty Face Is Going to Hell","angry"
"ML241","Eagle-Eye Cherry","Worried Eyes","relaxed"
"ML242","Bic Runga","It's Over","sad"
"ML243","Amber Pacific","Poetically Pathetic (Acoustic)","sad"
"ML244","Goldfrapp","Lovely 2 C U","happy"
"ML245","""Weird Al"" Yankovic","The Night Santa Went Crazy","happy"
"ML246","His Name Is Alive","Are We Still Married?","sad"
"ML247","Tarkan","Simarik","happy"
"ML248","Juanes","Nada Valgo Sin Tu Amor","happy"
"ML249","Lupe Fiasco","Kick, Push","relaxed"
"ML250","Kaiser Chiefs","Thank You Very Much","happy"
"ML251","Throwing Muses","Counting Backwards","angry"
"ML252","Meshuggah","Future Breed Machine","angry"
"ML253","Young Jeezy","I Luv It","angry"
"ML254","Three Days Grace","Burn","angry"
"ML255","Public Enemy","Bring the Noise","angry"
"ML256","Maria Mena","Monday Morning","relaxed"
"ML257","Ice Cube","The Wrong Nigga to Fuck Wit","angry"
"ML258","Alice in Chains","Am I Inside","sad"
"ML259","Monkey","Sandy the River Demon","relaxed"
"ML260","Ray Parker Jr.","Ghostbusters","happy"
"ML261","Children of Bodom","Hate Me!","angry"
"ML262","Detonautas Roque Clube","Olhos Certos","sad"
"ML263","Pixies","Gigantic","happy"
"ML264","Katatonia","Day","sad"
"ML265","Destroyer","Painter in Your Pocket","relaxed"
"ML266","De-Phazz","Belle de Jour","relaxed"
"ML267","Dolores Keane","Never Be the Sun","relaxed"
"ML268","Method Man","Bring the Pain","angry"
"ML269","Lucinda Williams","Those Three Days","sad"
"ML270","Megadeth","Moto Psycho","angry"
"ML271","Delays","Touch Down","relaxed"
"ML272","Scissor Sisters","Laura","happy"
"ML273","Ida Maria","I Like You So Much Better When You're Naked","happy"
"ML274","Cinema Bizarre","Lovesongs (They Kill Me)","sad"
"ML275","Lene Marlin","Leave My Mind","relaxed"
"ML276","Sara Gazarek","You Got By","relaxed"
"ML277","The Black Crowes","Walk Believer Walk","happy"
"ML278","Sly & The Family Stone","Thank You (Falettinme Be Mice Elf Agin)","happy"
"ML279","British Sea Power","The Lonely","sad"
"ML280","Chicane","Autumn Tactics","relaxed"
"ML281","The Sisters Of Mercy","Under the Gun","sad"
"ML282","Audio Bullys","Get Myself on Track","sad"
"ML283","Porcupine Tree","The Sleep of No Dreaming","sad"
"ML284","Jill Cunniff","Lazy Girls","happy"
"ML285","Clannad","Newgrange","relaxed"
"ML286","Franz Ferdinand","Jackie Jackson","happy"
"ML287","Combichrist","The Corps Under My Bed","sad"
"ML288","Richard Marx","Should've Known Better","sad"
"ML289","The Cure","Want","sad"
"ML290","The Lonely Island","I'm on a Boat (feat. T-Pain)","happy"
"ML291","Common","Faithful ","relaxed"
"ML292","The Jacksons","This Place Hotel","sad"
"ML293","Opeth","Dirge for November","sad"
"ML294","Little River Band","It's A Long Way There","relaxed"
"ML295","Rufus Wainwright",11.11,"relaxed"
"ML296","Britney Spears","Break The Ice","happy"
"ML297","Electric Light Orchestra","Midnight Blue","relaxed"
"ML298","The Housemartins","We're Not Deep","happy"
"ML299","Haley Bonar","Blue Ridge Mountains","relaxed"
"ML300","Lene Marlin","Disguise","relaxed"
"ML301","Faithless","One Step Too Far","relaxed"
"ML302","Ayreon","Day One: Vigil","sad"
"ML303","Rainbow","Catch The Rainbow","sad"
"ML304","Lucinda Williams","Greenville","sad"
"ML305","Heather Nova","Heart And Shoulder","relaxed"
"ML306","Krokus","Long Stick Goes Boom","angry"
"ML307","Cake","Mahna, Mahna","happy"
"ML308","She & Him","Sweet Darlin'","happy"
"ML309","Rage Against the Machine","Vietnow","angry"
"ML310","Powerman 5000","Action","angry"
"ML311","The New Pornographers","All For Swinging You Around","happy"
"ML312","Rage Against the Machine","Sleep Now In The Fire","angry"
"ML313","Beatallica","And I'm Evil","happy"
"ML314","Korn","Chi","angry"
"ML315","Brooks & Dunn","Neon Moon","sad"
"ML316","Keri Noble","A Dream About You","relaxed"
"ML317","Aqua","Around The World","happy"
"ML318","My Morning Jacket","Evil Urges","happy"
"ML319","My Bloody Valentine","Nothing Much to Lose","sad"
"ML320","Rage Against the Machine","Wake Up","angry"
"ML321","System of a Down","Chop Suey!","angry"
"ML322","Antimatter","The Freak Show","sad"
"ML323","ERA","Omen Sore","relaxed"
"ML324","Brad Paisley","When I Get Where I'm Going","sad"
"ML325","Megadeth","Victory","angry"
"ML326","Tindersticks","The Not Knowing","sad"
"ML327","Queen","My Baby Does Me","happy"
"ML328","Tim Buckley","Morning Glory","sad"
"ML329","The Gathering","Black Light District","sad"
"ML330","The Rolling Stones","Can You Hear The Music","sad"
"ML331","Little River Band","Reminiscing","relaxed"
"ML332","Alien Sex Fiend","Dead and Buried","angry"
"ML333","Voxtrot","Sway","sad"
"ML334","Foy Vance","Homebird","relaxed"
"ML335","COLD","Rain Song","sad"
"ML336","Bananarama","Cruel Summer","happy"
"ML337","Nick Cave and the Bad Seeds","Still in Love","sad"
"ML338","Jennifer Lopez","Papi","happy"
"ML339","Sally Shapiro","Anorak Christmas","relaxed"
"ML340","Busted","Fun Fun Fun","happy"
"ML341","Slayer","Sex. Murder. Art.","angry"
"ML342","Bullet For My Valentine","4 Words (To Choke Upon)","angry"
"ML343","JosÃƒÂ© GonzÃƒÂ¡lez","Lovestain","relaxed"
"ML344","Corinne Bailey Rae","I Would Like To Call It Beauty","relaxed"
"ML345","Espers","Meadow","relaxed"
"ML346","The Clash","London Calling","angry"
"ML347","MotÃƒÂ¶rhead","Orgasmatron","angry"
"ML348","Norah Jones","Back To Manhattan","sad"
"ML349","Molly Johnson","If You Know Love","relaxed"
"ML350","The Tear Garden","Ophelia","sad"
"ML351","Hole","Letter To God","sad"
"ML352","Megadeth","Washington Is Next!","angry"
"ML353","Enya","Flora's Secret","relaxed"
"ML354","Soft Cell","Sex Dwarf","happy"
"ML355","Dusty Springfield","I Only Want To Be With You","happy"
"ML356","Enigma","Mea Culpa","relaxed"
"ML357","Mae","Sun (acoustic)","relaxed"
"ML358","AC/DC","Highway to Hell","angry"
"ML359","Louis Armstrong","I Still Get Jealous","relaxed"
"ML360","Jump5","Beauty And The Beast","happy"
"ML361","Espers","Flowery Noontide","relaxed"
"ML362","The Black Keys","Your Touch","happy"
"ML363","U2","Elvis Presley and America","sad"
"ML364","Dixie Chicks","Without You","sad"
"ML365","Scissor Sisters","Take Your Mama","happy"
"ML366","Noir DÃƒÂ©sir","7 Minutes","angry"
"ML367","Radiohead","Fitter Happier","sad"
"ML368","Bruce Hornsby","Fields Of Gray","relaxed"
"ML369","Counting Crows","St. Robinson In His Cadillac Dream","relaxed"
"ML370","Novembre","Verne","sad"
"ML371","Franz Ferdinand","Love and Destroy","happy"
"ML372","Vanessa Carlton","Rinse","sad"
"ML373","New Radicals","I Don't Wanna Die Anymore","sad"
"ML374","Hot Hot Heat","This Town","happy"
"ML375","Saliva","Back Into Your System","relaxed"
"ML376","Secondhand Serenade","End","sad"
"ML377","Robert Plant","In The Mood","relaxed"
"ML378","Johnossi","Man Must Dance","happy"
"ML379","Eric Clapton","Reptile","relaxed"
"ML380","Basement Jaxx","Cish Cash ","happy"
"ML381","Ace of Base","Don't Turn Around","happy"
"ML382","Nerf Herder","High School","happy"
"ML383","Tina Turner","Steamy Windows","happy"
"ML384","Sparks","Slowboat","sad"
"ML385","Idlewild","A Modern Way Of Letting Go","angry"
"ML386","Anita Baker","My Funny Valentine","relaxed"
"ML387","Dark Sanctuary","Des Illusions","sad"
"ML388","Eric Church","Lightning","sad"
"ML389","Enya","Less Than a Pearl","relaxed"
"ML390","Pink Floyd","Take Up Thy Stethoscope and Walk","angry"
"ML391","Tim Buckley","Dolphins","sad"
"ML392","The Faint","Paranoiattack","happy"
"ML393","Megadeth","Countdown to Extinction","angry"
"ML394","Tanya Donelly","Keeping You","relaxed"
"ML395","The Cure","The Figurehead","sad"
"ML396","Toni Basil","Mickey","happy"
"ML397","Foo Fighters","Cheer Up, Boys (Your Make Up Is Running)","happy"
"ML398","Ice Cube","Ghetto Vet","angry"
"ML399","Slayer","Necrophiliac","angry"
"ML400","Secret Garden","Sleepsong","relaxed"
"ML401","Billy Talent","Prisoners of Today","angry"
"ML402","Sting","Brand New Day","happy"
"ML403","Slayer","Psychopathy Red","angry"
"ML404","Anita Baker","You Belong To Me","relaxed"
"ML405","Sam Sparro","Pocket","happy"
"ML406","Carla Bruni","Le Ciel Dans Une Chambre","relaxed"
"ML407","Fischerspooner","Tone Poem","relaxed"
"ML408","Bloodhound Gang","Foxtrot Uniform Charlie Kilo","happy"
"ML409","The Cure","One Hundred Years","sad"
"ML410","Faunts","Gone With The Day","relaxed"
"ML411","Kool & The Gang","Celebration","happy"
"ML412","White Zombie","Super-Charger Heaven","angry"
"ML413","Abba","Thank You For The Music","happy"
"ML414","Silbermond","Durch die Nacht","sad"
"ML415","The Cyrkle","The Visit (She Was Here)","relaxed"
"ML416","Prince","Fury","angry"
"ML417","The Corrs","Baby Be Brave (album version)","relaxed"
"ML418","Magnet","Overjoyed","relaxed"
"ML419","Marilyn Manson","A Place In The Dirt","sad"
"ML420","The Rocket Summer","Skies So Blue","happy"
"ML421","Pulp","The Fear","sad"
"ML422","Nicky Wire","Goodbye Suicide","sad"
"ML423","My Dying Bride","Gather Me Up Forever","sad"
"ML424","The Unicorns","Let's Get Known","happy"
"ML425","Coverdale/Page","Take Me For A Little While","sad"
"ML426","Caesars","It's Not The Fall That Hurts","happy"
"ML427","Newsboys","Something Beautiful","happy"
"ML428","Hard 'n Phirm","Pi","happy"
"ML429","Rage Against the Machine","Bulls on Parade","angry"
"ML430","My Dying Bride","A Doomed Lover","sad"
"ML431","Annie","Marie Cherie","sad"
"ML432","Rosenstolz","Sex im Hotel","happy"
"ML433","Cascada","What Do You Want From Me?","happy"
"ML434","Res","Let Love","relaxed"
"ML435","Marillion","The Invisible Man","sad"
"ML436","Afghan Whigs",66,"happy"
"ML437","Susie Suh","Shell","relaxed"
"ML438","Dinosaur Jr.","Not the Same","sad"
"ML439","Shania Twain","I'm Gonna Getcha Good!","happy"
"ML440","Stevie Wonder","Part-Time Lover","happy"
"ML441","Eppu Normaali","Tahroja paperilla","sad"
"ML442","Metallica","Battery","angry"
"ML443","Juana Molina","Son","relaxed"
"ML444","Laura Marling","Your Only Doll (Dora)","relaxed"
"ML445","Three Dog Night","Joy To The World","happy"
"ML446","JAY-Z","I Just Wanna Love U (Give It 2 Me)","happy"
"ML447","Colder","To The Music","happy"
"ML448","Eagles of Death Metal","English Girl","happy"
"ML449","Kris Kross","Jump","happy"
"ML450","Mark Dinning","Teen Angel","sad"
"ML451","Starfucker","Girls Just Want To Have Fun","happy"
"ML452","""Weird Al"" Yankovic","Christmas At Ground Zero","happy"
"ML453","Marius MÃƒÂ¼ller-Westernhagen","Johnny W.","sad"
"ML454","The Acacia Strain","Demolishor","angry"
"ML455","Skinny Puppy","Assimilate","angry"
"ML456","Hope of the States","Me Ves Y Sufres","sad"
"ML457","Rammstein","Nebel","sad"
"ML458","The White Stripes","My Doorbell","happy"
"ML459","AC/DC","Down Payment Blues","angry"
"ML460","Goldfrapp","Utopia","relaxed"
"ML461","Dead Kennedys","Your Emotions","angry"
"ML462","Jim Brickman","Angel Eyes","relaxed"
"ML463","Sarah Blasko","For You","relaxed"
"ML464","Yelle","Je Veux Te Voir (Club-Club Version)","happy"
"ML465","Adema","Rip The Heart Out Of Me","angry"
"ML466","The Romantics","When I Look In Your Eyes","happy"
"ML467","Murderdolls","Dead in Hollywood","angry"
"ML468","Devo","(I Can't Get No) Satisfaction","angry"
"ML469","Exploited","Exploited Barmy Army","angry"
"ML470","Midge Ure","Somebody","sad"
"ML471","Qntal","Remember Me","sad"
"ML472","Bob Dylan","Gotta Serve Somebody","relaxed"
"ML473","Clawfinger","Nothing Going On","angry"
"ML474","Blue Six","Sweeter Love","relaxed"
"ML475","Spiritualized","Let It Flow","relaxed"
"ML476","Alexisonfire","You Burn First","angry"
"ML477","Ice Cube","Dirty Mack","angry"
"ML478","Beastie Boys","Time for Livin'","angry"
"ML479","Loney, dear","Sinister in a State of Hope","relaxed"
"ML480","Kraak & Smaak","Squeeze Me","happy"
"ML481","Violent Femmes","Kiss Off","angry"
"ML482","Bernard Fanning","Shelter For My Soul","sad"
"ML483","Donald Fagen","Morph The Cat","relaxed"
"ML484","Black Flag","Depression","angry"
"ML485","Electric Light Orchestra","Sweet Talkin' Woman","happy"
"ML486","Vanity 6","Nasty Girl","happy"
"ML487","In Flames","Swim","happy"
"ML488","Tom Lehrer","I Wanna Go Back To Dixie","happy"
"ML489","Jack Johnson","Constellations","relaxed"
"ML490","Low","Bright","sad"
"ML491","Stephen Lynch","Baby","happy"
"ML492","Beatallica","Hey Dude","happy"
"ML493","Ministry","Palestina","angry"
"ML494","Marilyn Monroe","You'd Be Surprised","happy"
"ML495","New Model Army","No Mirror, No Shadow","sad"
"ML496","The Cat Empire","Sly","happy"
"ML497","Monkey","The Living Sea","relaxed"
"ML498","Secret Garden","Sigma","relaxed"
"ML499","Luther Vandross","I'd Rather","relaxed"
"ML500","Madredeus","O Pomar Das Laranjeiras","sad"
"ML501","Rocco DeLuca & The Burden","Gift","sad"
"ML502","Pig Destroyer","Piss Angel","angry"
"ML503","Eric Burdon","Don't Let Me Be Misunderstood","angry"
"ML504","Martin Page","In The House Of Stone And Light","relaxed"
"ML505","LCD Soundsystem","On Repeat","happy"
"ML506","Fotos","Katharina","sad"
"ML507","Ephraim Lewis","Drowning In Your Eyes","relaxed"
"ML508","As I Lay Dying","Losing Sight","angry"
"ML509","Suzi Quatro","Devil Gate Drive","happy"
"ML510","Rammstein","Feuer und Wasser","sad"
"ML511","The Concretes","On The Radio","happy"
"ML512","Rage Against the Machine","Ashes In The Fall","angry"
"ML513","The Aquabats","Pool Party","happy"
"ML514","Barry White","Honey Please, Can't Ya See","happy"
"ML515","Megadeth","Use the Man","angry"
"ML516","Mystery Jets","Half In Love With Elizabeth","happy"
"ML517","Hole","Gutless","angry"
"ML518","Atlantic Starr","Silver Shadow","relaxed"
"ML519","Rare Earth","I Just Want To Celebrate","happy"
"ML520","Jon & Vangelis","He Is Sailing","relaxed"
"ML521","Blonde Redhead","For the Damaged","angry"
"ML522","Anthrax","This Is Not an Exit","angry"
"ML523","Iron & Wine","Peace Beneath the City","relaxed"
"ML524","The Black Heart Procession","The Invitation","sad"
"ML525","Nas","Ether","angry"
"ML526","Rage Against the Machine","Sleep Now in the Fire","angry"
"ML527","Stacey Kent","The Ice Hotel","relaxed"
"ML528","Devo","That's Good","happy"
"ML529","Lenny Kravitz","Can We Find A Reason?","sad"
"ML530","Ghostface Killah","Mighty Healthy","angry"
"ML531","Radiohead","We Suck Young Blood","sad"
"ML532","Joe Nichols","Tequila Makes Her Clothes Fall Off","happy"
"ML533","Natalie Merchant","Thick As Thieves (2005 Version)","sad"
"ML534","Beach House","House on the Hill","relaxed"
"ML535","Bloodhound Gang","You're Pretty When I'm Drunk","happy"
"ML536","Apocalyptica","Bittersweet","sad"
"ML537","Robin Williams","Friend Like Me","happy"
"ML538","Roxy Music","Just Another High","sad"
"ML539","XTC","Senses Working Overtime","angry"
"ML540","Cathedral","Ebony Tears","sad"
"ML541","J. Tillman","Cecille, My Love","relaxed"
"ML542","Jagged Edge","Round And Round","relaxed"
"ML543","Jimmy Eat World","Dizzy","sad"
"ML544","Nightwish","Angels Fall First","sad"
"ML545","Propaganda","Wound In My Heart","relaxed"
"ML546","Suburban Kids With Biblical Names","Seems To Be on My Mind","happy"
"ML547","Celtic Woman","The Wexford Carol","relaxed"
"ML548","Beatallica","Everybody's Got A Ticket To Ride Except For Me And My Lightning","happy"
"ML549","Sade","Babyfather","relaxed"
"ML550","Harvey Danger","Flagpole Sitta","happy"
"ML551","The Avett Brothers","If It's The Beaches","sad"
"ML552","Julie Doiron","Penses-Donc (Tu Es Seule)","sad"
"ML553","The Get Up Kids","The Company Dime","happy"
"ML554","Ice Cube","The Predator","angry"
"ML555","In Flames","Evil in a Closet","sad"
"ML556","Vanessa Carlton","More Than This","relaxed"
"ML557","Riverside","I Turned You Down","sad"
"ML558","Kathy Mattea","Where've You Been","sad"
"ML559","Enya","Water Shows the Hidden Heart","relaxed"
"ML560","Hem","Sailor","relaxed"
"ML561","The Doobie Brothers","It Keeps You Runnin'","relaxed"
"ML562","Dope","Everything Sucks","angry"
"ML563","Marilyn Manson","Irresponsible Hate Anthem","angry"
"ML564","The Puppini Sisters","Soho Nights","happy"
"ML565","Sparta","Echodyne Harmonic","relaxed"
"ML566","The Champs","Tequila","happy"
"ML567","Motorhead","Ace of Spades","angry"
"ML568","Cowboy Junkies","Lay It Down","relaxed"
"ML569","Black Buddafly","Bad Girl ","happy"
"ML570","Level 42","Something About You","happy"
"ML571","Kinks","You Really Got Me","angry"
"ML572","Britney Spears","Oops!...I Did It Again","happy"
"ML573","The Cure","The Promise","angry"
"ML574","Diary of Dreams","Tears of Laughter","sad"
"ML575","Kate Havnevik","Not Fair","relaxed"
"ML576","Gwen Stefani","Hollaback Girl","happy"
"ML577","Manic Street Preachers","The Everlasting","sad"
"ML578","Peaches","Downtown","happy"
"ML579","The Polyphonic Spree","Middle of the Day","sad"
"ML580","London After Midnight","Sacrifice","sad"
"ML581","Stevie Wonder","A Place In The Sun","relaxed"
"ML582","The Cat Empire","The Wine Song","happy"
"ML583","Donavon Frankenreiter","Butterfly","relaxed"
"ML584","Tom Petty And The Heartbreakers","The Dark Of the Sun","relaxed"
"ML585","Ozzy Osbourne","War Pigs","angry"
"ML586","Beach House","Childhood","relaxed"
"ML587","Switchfoot","The Shadow Proves The Sunshine","relaxed"
"ML588","Ben Folds Five","Cigarette","sad"
"ML589","The Sex Pistols","I Wanna Be Me","angry"
"ML590","Chubby Checker","The Twist","happy"
"ML591","Incognito","Everybody Loves The Sunshine","relaxed"
"ML592","Peaches","Shake Yer Dix","happy"
"ML593","The Chameleons","Soul in Isolation","sad"
"ML594","Stars","What the Snowman Learned About Love","relaxed"
"ML595","The Anti-Nowhere League","So What","angry"
"ML596","Peaches","Suck and Let Go","happy"
"ML597","Velvet Revolver","Illegal i Song","angry"
"ML598","Jibbs","Chain Hang Low","happy"
"ML599","Britney Spears","I Run Away","sad"
"ML600","Grand Archives","Swan Matches","relaxed"
"ML601","BjÃƒÂ¶rk","Pluto","angry"
"ML602","Brain Drill","Revelation","angry"
"ML603","Anthony Hamilton","I Tried","relaxed"
"ML604","Grace Jones","Pull Up To The Bumper","happy"
"ML605","Gwen Stefani","Wind It Up","happy"
"ML606","Tyler Hilton","Insomnia (Revised Album Version)","relaxed"
"ML607","Reel Big Fish","Ban The Tube Top","happy"
"ML608","Teitur","Rough Around The Edges","relaxed"
"ML609","Gorillaz","Demon Days","relaxed"
"ML610","Enya","China Roses","relaxed"
"ML611","Pantera","Cemetery Gates","angry"
"ML612","Riverside","Loose Heart","sad"
"ML613","Jazzanova","Look What You're Doin' To Me ","relaxed"
"ML614","Supergrass","Brecon Beacons","happy"
"ML615","Opeth","Bleak","sad"
"ML616","Opeth","White Cluster","sad"
"ML617","Manic Street Preachers","Of Walking Abortion","angry"
"ML618","Shop Boyz","Flexin'","happy"
"ML619","Guns N' Roses","Sweet Child O' Mine","happy"
"ML620","Black Flag","Gimmie Gimmie Gimmie","angry"
"ML621","Timo Maas","Pictures","happy"
"ML622","Nine Inch Nails","Zero-Sum","sad"
"ML623","Astrud Gilberto","The Girl From Ipanema","relaxed"
"ML624","Franz Ferdinand","What You Waiting For?","happy"
"ML625","Ke$ha","Kiss N Tell","happy"
"ML626","Fishbone","Lyin' Ass Bitch","happy"
"ML627","Touch and Go","Would You...?","happy"
"ML628","Britney Spears","Anticipating","happy"
"ML629","Rage Against the Machine","Killing In The Name","angry"
"ML630","Cult of Luna","Waiting For You","sad"
"ML631","Tyrone Wells","Sea Breeze","relaxed"
"ML632","Megadeth","Captive Honour","angry"
"ML633","Thievery Corporation","Heaven's Gonna Burn Your Eyes","relaxed"
"ML634","The-Dream","Right Side Of My Brain","sad"
"ML635","Tindersticks","Walking","sad"
"ML636","The Dillinger Escape Plan","Milk Lizard","angry"
"ML637","Howlin' Wolf","Smokestack Lightning","angry"
"ML638","Vanessa Hudgens","Sneakernight","happy"
"ML639","The Rolling Stones","Tie You Up (The Pain of Love)","angry"
"ML640","Tim Buckley","The Earth is Broken","sad"
"ML641","The Hoosiers","Cops and Robbers","happy"
"ML642","Jane Monheit","Detour Ahead","relaxed"
"ML643","Erykah Badu","Window Seat","relaxed"
"ML644","Mobb Deep","Survival of the Fittest","angry"
"ML645","RÃƒÂ¶yksopp","Dead to the World","relaxed"
"ML646","Limp Bizkit","Getcha Groove On","angry"
"ML647","Ashley Tisdale","He Said She Said","happy"
"ML648","Dolly Parton","9 To 5","happy"
"ML649","Ministry","Just One Fix","angry"
"ML650","Shirley Horn","A Time For Love","relaxed"
"ML651","Rihanna","Breakin' Dishes","angry"
"ML652","Toy-Box","The Sailor Song","happy"
"ML653","Enya","Wild Child","relaxed"
"ML654","Megadeth","Blood of Heroes","angry"
"ML655","Eminem","Mosh","angry"
"ML656","Kate Nash","Pumpkin Soup","happy"
"ML657","Nine Inch Nails","My Violent Heart","angry"
"ML658","Spahn Ranch","The Conversation","sad"
"ML659","Common","Faithful","relaxed"
"ML660","D'Angelo","Jonz In My Bonz","relaxed"
"ML661","The Coral","She's Got A Reason","relaxed"
"ML662","Pete Philly & Perquisite","Mystery Repeats","happy"
"ML663","Andrew Bird","Masterfade","relaxed"
"ML664","Lamb of God","Redneck","angry"
"ML665","The Haunted",99,"angry"
"ML666","Burzum","Dunkelheit","sad"
"ML667","A Silver Mt. Zion","Microphones in the Trees","sad"
"ML668","Gossip","Eyes Open","angry"
"ML669","Emigrate","In My Tears","sad"
"ML670","Dead Boys","Sonic Reducer","angry"
"ML671","Anthony David","Something About You","relaxed"
"ML672","Lisa Loeb","Wishing Heart","happy"
"ML673","Elliott Smith","Bottle Up And Explode!","relaxed"
"ML674","Neurosis","The Tide","sad"
"ML675","Fatboy Slim","Wonderful Night","happy"
"ML676","Justin Timberlake","Like I Love You","happy"
"ML677","Amel Larrieux","Weather","relaxed"
"ML678","Black Kids","Listen To Your Body Tonight","happy"
"ML679","Love Is All","Make Out Fall Out Make Up","sad"
"ML680","The Byrds","Hickory Wind","sad"
"ML681","Megadeth","Elysian Fields","angry"
"ML682","Slayer","Praise of Death","angry"
"ML683","Snow Patrol","Crazy In Love","happy"
"ML684","R. Kelly & Public Announcement","She's Got That Vibe","happy"
"ML685","The Beatles","Run for Your Life","angry"
"ML686","Cat Stevens","Lilywhite","relaxed"
"ML687","Anthrax","Bring the Noise","angry"
"ML688","Britney Spears","Ooh Ooh Baby","happy"
"ML689","Slayer","Piece by Piece","angry"
"ML690","Village People","In the Navy","happy"
"ML691","Deep Dish","Flashdance","happy"
"ML692","Britney Spears","Brave New Girl","happy"
"ML693","Janis Joplin","Summertime","sad"
"ML694","Blue Man Group","Time to Start","happy"
"ML695","Amon Amarth","Ride For Vengeance","angry"
"ML696","Tindersticks","Piano Song","sad"
"ML697","Marilyn Manson","Great Big White World","sad"
"ML698","Arcade Fire","Black Mirror","sad"
"ML699","The Prodigy","Voodoo People","angry"
"ML700","Frida","Baby Don't You Cry No More","relaxed"
"ML701","Kate Nash","Mariella","happy"
"ML702","Thrice","Under A Killing Moon","angry"
"ML703","Fleet Foxes","Blue Ridge Mountains","relaxed"
"ML704","The Honeydrips","(Lack of) Love Will Tear Us Apart","relaxed"
"ML705","Kristin Hersh","Gazebo Tree","sad"
"ML706","Jill Tracy","Haunted By the Thought of You","sad"
"ML707","S Club 7","Bring It All Back","happy"
"ML708","Kanye West","Coldest Winter","sad"
"ML709","The Chemical Brothers","Left Right","angry"
"ML710","Antimatter","Ghosts","sad"
"ML711","Dixie Chicks","Voice Inside My Head","sad"
"ML712","Metallica","Broken, Beat & Scarred","angry"
"ML713","Carbon Based Lifeforms","PhotoSynthesis","relaxed"
"ML714","XTC","This Is Pop?","angry"
"ML715","PJ Harvey","The Darker Days Of Me & Him","sad"
"ML716","Keren Ann","In Your Back","relaxed"
"ML717","Nine Days","Bitter","sad"
"ML718","Art Brut","Modern Art","happy"
"ML719","Laura Marling","Shine","sad"
"ML720","Smokie","Living Next Door To Alice ","relaxed"
"ML721","Mastodon","Blood and Thunder","angry"
"ML722","Rasputina","Watch T.V.","sad"
"ML723","Eminem","My Name Is","happy"
"ML724","Hanne Hukkelberg","Cast Anchor","relaxed"
"ML725","Dolly Parton","Here You Come Again","happy"
"ML726","Pinback","Some Voices","relaxed"
"ML727","2Pac","Me Against the World","angry"
"ML728","Chris Botti","The Look Of Love","relaxed"
"ML729","Mortal Love","In the Sun","sad"
"ML730","Dead Kennedys","Holiday in Cambodia","angry"
"ML731","Acceptance","In Too Far","relaxed"
"ML732","Sun Kil Moon","Neverending Math Equation","relaxed"
"ML733","Nine Inch Nails","I Do Not Want This","angry"
"ML734","Daft Punk","Technologic","happy"
"ML735","Martina McBride","Valentine","relaxed"
"ML736","The Airborne Toxic Event","Something New","sad"
"ML737","Sleeper","Lie Detector","happy"
"ML738","Enya","Deora Ar Mo ChroÃƒÂ­","relaxed"
"ML739","Massive Attack","Daydreaming","relaxed"
"ML740","Silverchair","Lie To Me","angry"
"ML741","No Doubt","Spiderwebs","happy"
"ML742","Guns N Roses","Mr. Brownstone","angry"
"ML743","The Five Blobs","The Blob","happy"
"ML744","Manic Street Preachers","4st 7lb","angry"
"ML745","Saybia","Guardian Angel","sad"
"ML746","Mastodon","Crystal Skull","angry"
"ML747","Mudvayne","IMN","angry"
"ML748","Koop","Waltz for Koop","relaxed"
"ML749","Enigma","Total Eclipse of the Moon","relaxed"
"ML750","A Tribe Called Quest","1nce Again","relaxed"
"ML751","Stevie Wonder","Ribbon In The Sky","relaxed"
"ML752","Sick Puppies","You're Going Down","angry"
"ML753","The Fratellis","Vince The Loveable Stoner","happy"
"ML754","Flowing Tears","Lovesong For A Dead Child","sad"
"ML755","Death From Above 1979","Pull Out","happy"
"ML756","Jimmy Eat World","Claire","relaxed"
"ML757","Buster Poindexter","Hot Hot Hot","happy"
"ML758","Arcana","Like Statues In The Garden Of Dreaming","sad"
"ML759","Keb' Mo'","Just Like You","relaxed"
"ML760","Susanna and the Magical Orchestra","Time","relaxed"
"ML761","Joan Baez","The Night They Drove Old Dixie Down","sad"
"ML762","Melanie C","Carolyna","sad"
"ML763","Madredeus","O Sonho","relaxed"
"ML764","The Black Dahlia Murder","Miasma","angry"
"ML765","Sting","Children's Crusade","sad"
"ML766","James Taylor","That Lonesome Road","sad"
"ML767","50 Cent","U Not Like Me","angry"
"ML768","The Kingsmen","Louie Louie","happy"
"ML769","Cypress Hill","Stoned Is the Way of the Walk","angry"
"ML770","India.Arie","God Is Real","relaxed"
"ML771","Ice Cube","The Nigga Ya Love to Hate","angry"
"ML772","Frankie Valli","Grease","happy"
"ML773","Huey Lewis & The News","I Want a New Drug","happy"
"ML774","Grant Lee Buffalo","Rock of Ages","sad"
"ML775","Kelis","Caught Out There","angry"
"ML776","Scissor Sisters","She's My Man","happy"
"ML777","The Innocence Mission","Lake Shore Drive","relaxed"
"ML778","Matt Wertz","Like The Last Time","relaxed"
"ML779","Ella Fitzgerald","Solitude ","relaxed"
"ML780","Ben Kweller","Thirteen","sad"
"ML781","Ozzy Osbourne","Running Out of Time","angry"
"ML782","Tindersticks","Travelling Light","sad"
"ML783","Blonde Redhead","Girl Boy","relaxed"
"ML784","The Clash","London's Burning","angry"
"ML785","Mark Kozelek","Bad Boy Boogie","sad"
"ML786","Norah Jones","The Long Day Is Over","relaxed"
"ML787","The Rubettes","Sugar Baby Love","happy"
"ML788","Vienna Teng","Green Island Serenade","relaxed"
"ML789","Keren Ann","Ailleurs","relaxed"
"ML790","Gotan Project","Queremos paz","relaxed"
"ML791","The Organ","There Is Nothing I Can Do","sad"
"ML792","Cocteau Twins","Wolf in the Breast","relaxed"
"ML793","A Perfect Circle","People Are People","relaxed"
"ML794","Behemoth","At the Left Hand Ov God","angry"
"ML795","Ke$ha","Blah Blah Blah ","happy"
"ML796","Beastie Boys","The Sounds Of Science","happy"
"ML797","Essie Jain","Glory","relaxed"
"ML798","BeyoncÃƒÂ©","Baby Boy","happy"
"ML799","Karen Matheson","Mi Le M' Uilinn","relaxed"
"ML800","Fountains Of Wayne","Stacy's Mom","happy"
"ML801","CÃƒÂ©line Dion","Declaration Of Love","happy"
"ML802","Public Enemy","Welcome to the Terrordome","angry"
"ML803","Ice Cube","No Vaseline","angry"
"ML804","Lily Holbrook","Welcome to the Slaughterhouse","sad"
"ML805","Silverchair","Miss You Love","sad"
"ML806","Megadeth","Vortex","angry"
"ML807","Ours","Sometimes","sad"
"ML808","Relient K","The Pirates Who Don't Do Anything","happy"
"ML809","Daughtry","Call Your Name","sad"
"ML810","John Mayer","New Deep","relaxed"
"ML811","Moonspell","Awake","sad"
"ML812","Local Natives","Who Knows Who Cares","sad"
"ML813","Metallica","Damage Inc.","angry"
"ML814","Switchfoot","Let Your Love Be Strong","sad"
"ML815","Depeche Mode","Sister Of Night","sad"
"ML816","Machine Head","Take my Scars","angry"
"ML817","Jazzanova","Look What You're Doin' To Me","relaxed"
"ML818","Wir sind Helden","Darf Ich Das Behalten","sad"
"ML819","At The Drive-In","Alpha Centauri","angry"
"ML820","Korn","Thoughtless","angry"
"ML821","Dave Matthews Band","Satellite","relaxed"
"ML822","Celtic Woman","Over The Rainbow","relaxed"
"ML823","Marty Robbins","El Paso","relaxed"
"ML824","Rihanna","Stupid In Love","sad"
"ML825","Amber Pacific","If I Fall","sad"
"ML826","Sally Shapiro","Time To Let Go","sad"
"ML827","Slayer","Supremist","angry"
"ML828","Machine Head","The Blood, the Sweat, the Tears","angry"
"ML829","Ida Maria","Louie","happy"
"ML830","Shout Out Louds","Never Ever","happy"
"ML831","The Rocket Summer","Hold It Up","happy"
"ML832","Sting","Little Wing","relaxed"
"ML833","The Coral","Shadows Fall","happy"
"ML834","Amos Lee","Keep It Loose, Keep It Tight","relaxed"
"ML835","Paradise Lost","Say Just Words","sad"
"ML836","System of a Down","Soldier Side","angry"
"ML837","India.Arie","These Eyes","relaxed"
"ML838","The Mountain Goats","So Desperate","sad"
"ML839","Ozma","Continental Drift (Flight Of The Bootymademoiselle)","sad"
"ML840","Edison Lighthouse","Love Grows (Where My Rosemary Goes)","happy"
"ML841","Rage Against the Machine","Voice of the Voiceless","angry"
"ML842","Anthrax","Indians","angry"
"ML843","Thousand Foot Krutch","Favorite Disease","sad"
"ML844","Everything But The Girl","Meet Me in the Morning","relaxed"
"ML845","Marilyn Manson","Little Horn","angry"
"ML846","Razorlight","Get It And Go","happy"
"ML847","Shakira","Rabiosa","happy"
"ML848","Goldfish","Times May Change You","relaxed"
"ML849","Kraftwerk","Autobahn","relaxed"
"ML850","Mastodon","Siberian Divide","angry"
"ML851","Lene Marlin","Unforgivable Sinner","sad"
"ML852","Wolfmother","Vagabond","happy"
"ML853","Velvet Underground","White Light/White Heat","angry"
"ML854","Thea Gilmore","Whistle And Steam","relaxed"
"ML855","DIR EN GREY","CONCEIVED SORROW","sad"
"ML856","John Lennon","I Found Out","angry"
"ML857","The Dresden Dolls","Girl Anachronism","angry"
"ML858","Scars of life","Bullet with your name","angry"
"ML859","Slayer","Altar of Sacrifice","angry"
"ML860","Nine Inch Nails","Gave Up","angry"
"ML861","AC/DC","Evil Walks","angry"
"ML862","Stevie Wonder","Love Light In Flight","happy"
"ML863","Rage Against the Machine","Revolver","angry"
"ML864","Ron Sexsmith","Snow Angel","relaxed"
"ML865","Slayer","Fight Till Death","angry"
"ML866","Soft Cell","Youth","sad"
"ML867","The Pierces","Boy in a Rock and Roll Band","happy"
"ML868","Bruce Springsteen","War","angry"
"ML869","Bloodhound Gang","Kiss Me Where It Smells Funny","happy"
"ML870","The Intruders","Together","relaxed"
"ML871","Cut Chemist","Spoon","relaxed"
"ML872","Girls Aloud","Jump","happy"
"ML873","Diana Krall","Little Girl Blue","relaxed"
"ML874","Jefferson Starship","Miracles","relaxed"
"ML875","Mad Caddies","Rockupation","happy"
"ML876","Mariah Carey","Melt Away","relaxed"
"ML877","Wu-Tang Clan","Da Mystery of Chessboxin'","angry"
"ML878","Papa Roach","Last Resort","angry"
"ML879","Guillemots","Falling Out Of Reach","relaxed"
"ML880","Justin Timberlake","LoveStoned/I Think She Knows Interlude","happy"
"ML881","Psapp","Needle and Thread","relaxed"
"ML882","Cradle of Filth","Lovesick for Mina","angry"
"ML883","Lily Allen","Friday Night","happy"
"ML884","Sandi Thom","What If I'm Right","happy"
"ML885","Sneaker Pimps","How Do","relaxed"
"ML886","Jimmy Eat World","Pain","angry"
"ML887","Ice Cube","Wicked","angry"
"ML888","Delta Goodrem","Fragile","sad"
"ML889","Captain Hollywood Project","More and More","happy"
"ML890","From First To Last","The Latest Plague","angry"
"ML891","Primordial","Gods To The Godless","sad"
"ML892","Rage Against the Machine","Mic Check","angry"
"ML893","Flyleaf","Red Sam","angry"
"ML894","Rage Against The Machine","Killing in the Name","angry"
"ML895","N-Trance","Set You Free","happy"
"ML896","Mazzy Star","Before I Sleep","relaxed"
"ML897","Man Man","Feathers","sad"
"ML898","The Mamas & The Papas","Words Of Love","relaxed"
"ML899","Redman","Blow Your Mind","angry"
"ML900","Scott Walker","If You Go Away","sad"
"ML901","Anberlin","Hello Alone","angry"
"ML902","U2","A Man And A Woman","happy"
"ML903","Great Big Sea","Captain Wedderburn","relaxed"
"ML904","The Blues Brothers","Rubber Biscuit","happy"
"ML905","The Pipettes","Tell Me What You Want","happy"
"ML906","The Rolling Stones","Citadel","angry"
"ML907","Ween","Monique the Freak","happy"
"ML908","Adverts","Gary Gilmore's Eyes","angry"
"ML909","Frank Sinatra","Nancy (With The Laughing Face)","relaxed"
"ML910","Bebel Gilberto","So Nice (Summer Samba)","relaxed"
"ML911","New London Fire","Nadine","sad"
"ML912","Annie","Anniemal","happy"
"ML913","Animal Collective","Loch Raven","relaxed"
"ML914","Bright Eyes","Classic Cars","relaxed"
"ML915","Lizz Wright","Hey Mann","relaxed"
"ML916","Fiona Apple","Limp","angry"
"ML917","The Jackson 5","ABC","happy"
"ML918","Todd Rundgren","One More Day (No Word)","relaxed"
"ML919","Rage Against the Machine","Wind Below","angry"
"ML920","Al Green","Let's Get Married","relaxed"
"ML921","Jimmy Durante","I'M The Guy Who Found The Lost Chord","happy"
"ML922","Yael NaÃƒÂ¯m","Too Long","relaxed"
"ML923","Chairlift","Ceiling Wax","relaxed"
"ML924","India.Arie","Nature","relaxed"
"ML925","James Blunt","High (live in Ireland)","relaxed"
"ML926","Lucinda Williams","Broken Butterflies","sad"
"ML927","Skip James","Hard Time Killin' Floor Blues","sad"
"ML928","My Dying Bride","My Wine in Silence","sad"
"ML929","Acid Bath","Toubabo Koomi","angry"
"ML930","Infernal","I Won't Be Crying","happy"
"ML931","Camera Obscura","Your Picture","sad"
"ML932","Florence + The Machine","Blinding","sad"
"ML933","Aberfeldy","Love Is an Arrow","sad"
"ML934","Antony and the Johnsons","The Lake","sad"
"ML935","Estatic Fear","Chapter I","sad"
"ML936","Joni Mitchell","The Last Time I Saw Richard","sad"
"ML937","The Presets","This Boy's In Love","happy"
"ML938","Gary Numan","Rip","sad"
"ML939","Nevermore","Enemies Of Reality","angry"
"ML940","Cake","Pretty Pink Ribbon","happy"
"ML941","Chevelle","Don't Fake This","angry"
"ML942","Lamb of God","Bloodletting","angry"
"ML943","Megadeth","Good Mourning/Black Friday","angry"
"ML944","Less Than Jake","History Of A Boring Town","happy"
"ML945","Sebadoh","Soul and Fire","sad"
"ML946","Opeth","Moonlapse Vertigo","sad"
"ML947","Linkin Park","Runaway","angry"
"ML948","Nile","Sacrifice Unto Sebek","angry"
"ML949","of Montreal","The Party's Crashing Us","happy"
"ML950","Jane Monheit","Over The Rainbow","relaxed"
"ML951","Donald Fagen","The Great Pagoda Of Funn","relaxed"
"ML952","Jens Lekman","Friday Night at the Drive-In Bingo","happy"
"ML953","Fannypack","Not This","relaxed"
"ML954","MÃƒÂ½a","Now or Never","happy"
"ML955","Atlantic Starr","If Your Heart Isn't In It","relaxed"
"ML956","Cassandra Wilson","Closer To You","relaxed"
"ML957","Azam Ali","In Other Worlds","sad"
"ML958","Misfits","Halloween","angry"
"ML959","Clannad","A Bridge (That Carries Us Over)","relaxed"
"ML960","Squarepusher","A Real Woman","happy"
"ML961","Mr. Hyde","Spill Your Blood","angry"
"ML962","M83","Carresses","relaxed"
"ML963","Arctic Monkeys","Fake Tales of San Francisco","happy"
"ML964","Less Than Jake","Just Like Frank","happy"
"ML965","Megadeth","Sin","angry"
"ML966","L'Arc~en~Ciel","ALONE EN LA VIDA","sad"
"ML967","The Velvet Underground","Heroin","sad"
"ML968","Relient K","Must Have Done Something Right","happy"
"ML969","Primordial","The Coffin Ships","sad"
"ML970","Air","Sing Sang Sung","relaxed"
"ML971","Moya Brennan","River","relaxed"
"ML972","Kane","Where Do I Go Now","sad"
"ML973","The Unicorns","Sea Ghost","happy"
"ML974","Corinne Bailey Rae","Butterfly","relaxed"
"ML975","Corinne Bailey Rae","Another Rainy Day","relaxed"
"ML976","Spice Girls","Love Thing","happy"
"ML977","Nina Simone","My Man's Gone Now","sad"
"ML978","Rammstein","Benzin","angry"
"ML979","Maggie Reilly","Reunion","relaxed"
"ML980","Nas","One Mic","angry"
"ML981","RÃƒÂ³isÃƒÂ­n Murphy","Primitive","happy"
"ML982","Franz Ferdinand","Michael","happy"
"ML983","Chubby Checker","Limbo Rock","happy"
"ML984","Undertones","Get Over You","angry"
"ML985","ERA","Cathar Rhythm","relaxed"
"ML986","Limp Bizkit","The Propaganda","angry"
"ML987","Yoko Ono","Kiss Kiss Kiss","happy"
"ML988","Fractured","One More Time","sad"
"ML989","The Cure","Out of Mind","angry"
"ML990","BrokeNCYDE","Sex Toyz","happy"
"ML991","Kaskade","Your Love Is Black","sad"
"ML992","The Helio Sequence","Back to This","relaxed"
"ML993","Michael Jackson","Bad","happy"
"ML994","Pescado Rabioso","Dulce 3 Nocturno","relaxed"
"ML995","Lifehouse","The Beginning","relaxed"
"ML996","The Chameleons","Monkeyland","sad"
"ML997","Black Flag","Nervous Breakdown","angry"
"ML998","Bauhaus","Slice Of Life","sad"
"ML999","Johnny Cash","Sunday Morning Coming Down","sad"
"ML1000","Bowling For Soup","Almost","happy"
"ML1001","Alien Ant Farm","Glow","happy"
"ML1002","Lou Reed","The Kids","sad"
"ML1003","Halou","Political","relaxed"
"ML1004","Evan Rachel Wood","Hold Me Tight","happy"
"ML1005","Great Lake Swimmers","I Will Never See the Sun","relaxed"
"ML1006","Gorillaz","Superfast Jellyfish","happy"
"ML1007","Nine Inch Nails","Heresy","angry"
"ML1008","Enigma","The Cross of Changes","relaxed"
"ML1009","At The Drive In","Quarantined","angry"
"ML1010","The Unicorns","Jellybones","happy"
"ML1011","Guns N' Roses","This I Love","sad"
"ML1012","Venetian Snares","Dad","sad"
"ML1013","Bright Eyes","Oh, You Are the Roots That Sleep Beneath My Feet and Hold the Earth in Place","relaxed"
"ML1014","Devendra Banhart","Noah","relaxed"
"ML1015","Nevermore","All Play Dead","angry"
"ML1016","Big Star","Holocaust","sad"
"ML1017","Rihanna","Let Me","happy"
"ML1018","Ozzy Osbourne","No Easy Way Out","angry"
"ML1019","Richard Ashcroft","On A Beach","relaxed"
"ML1020","""Weird Al"" Yankovic","Eat It","happy"
"ML1021","Suicidal Tendencies","Institutionalized","angry"
"ML1022","Acoustic Alchemy","Say Yeah","relaxed"
"ML1023","Beck","Rental Car","happy"
"ML1024","Cradle of Filth","Tonight in Flames","angry"
"ML1025","Manic Street Preachers","I'm Not Working","sad"
"ML1026","Bonnie Somerville","Winding Road","relaxed"
"ML1027","DIR EN GREY","VINUSHKA","angry"
"ML1028","Gary Numan","In A Dark Place","sad"
"ML1029","Mariee Sioux","Wild Eyes","relaxed"
"ML1030","K's Choice","Another Year","sad"
"ML1031","Maximilian Hecker","Kate Moss","sad"
"ML1032","White Town","Your Woman","happy"
"ML1033","Dntel","(This Is) The Dream of Evan and Chan","relaxed"
"ML1034","Manchester Orchestra","Shake It Out","angry"
"ML1035","Jay-Z","Success","angry"
"ML1036","Wilco","What Light","relaxed"
"ML1037","Squeeze","Hourglass","happy"
"ML1038","Nine Inch Nails","March Of The Pigs","angry"
"ML1039","Refused","The Deadly Rhythm","angry"
"ML1040","Slayer","Can't Stand You","angry"
"ML1041","Sing It Loud","No One Can Touch Us (Featuring Alex Gaskarth)","happy"
"ML1042","Bauhaus","The Three Shadows Part 2","sad"
"ML1043","Blink-182","Man Overboard","happy"
"ML1044","Alan Jackson","Here In The Real World","sad"
"ML1045","George Michael","Freeek! '04","happy"
"ML1046","Jennifer Lopez","I'm Real","happy"
"ML1047","Venom","Black Metal","angry"
"ML1048","Shpongle","Once Upon the Sea of Blissful Awareness","relaxed"
"ML1049","Elbow","little beast","sad"
"ML1050","Soulfly","Back to the Primitive","angry"
"ML1051","AFI","Silver And Cold","sad"
"ML1052","Emma Shapplin","Favola Breve","relaxed"
"ML1053","Ben Folds","Rockin' The Suburbs","happy"
"ML1054","Rage Against the Machine","Settle for Nothing","angry"
"ML1055","Megadeth","The Killing Road","angry"
"ML1056","The Helio Sequence","Back To This","relaxed"
"ML1057","The Fall","War","angry"
"ML1058","The Beatles","Twist and Shout","happy"
"ML1059","Siobhan Donaghy","So You Say","sad"
"ML1060","The Tokens","The Lion Sleeps Tonight","happy"
"ML1061","The Beatles","Octopus's Garden","happy"
"ML1062","Adele","Melt My Heart To Stone","relaxed"
"ML1063","Marvin Gaye","What's Happening Brother","relaxed"
"ML1064","Martina McBride","Wrong Again","sad"
"ML1065","Slayer","Beauty Through Order","angry"
"ML1066","Mortiis","Everyone Leaves","sad"
"ML1067","Neko Case","The Tigers Have Spoken","sad"
"ML1068","Monkey","Pigsy In Space","relaxed"
"ML1069","L7","Shitlist","angry"
"ML1070","Bruce Springsteen","Hungry Heart","happy"
"ML1071","Burzum","En Ring Til Aa Herske","sad"
"ML1072","Deathstars","Synthetic generation","sad"
"ML1073","Nerf Herder","Jenna Bush Army","happy"
"ML1074","Falco","Vienna Calling","happy"
"ML1075","Atmosphere","The Keys to Life vs. 15 Minutes of Fame","angry"
"ML1076","Germs","Forming","angry"
"ML1077","The Ditty Bops","Waking Up In the City","happy"
"ML1078","Stephen Lynch","Gay","happy"
"ML1079","Katatonia","Criminals","sad"
"ML1080","Bruce Springsteen","State Trooper","sad"
"ML1081","Holly Brook","Saturdays","relaxed"
"ML1082","Bright Eyes","A Perfect Sonnet","sad"
"ML1083","Inner Circle","Sweat ","happy"
"ML1084","Lucie Silvas","Nothing Else Matters","sad"
"ML1085","Republika","OdchodzÃ„Â…c","sad"
"ML1086","Ella Fitzgerald","Remember","relaxed"
"ML1087","The Stooges","Search and Destroy","angry"
"ML1088","Boards of Canada","Aquarius","relaxed"
"ML1089","Metallica","Phantom Lord","angry"
"ML1090","Doug Stone","I'd Be Better Off (In A Pine Box)","sad"
"ML1091","Flobots","Handlebars","angry"
"ML1092","Hatebreed","I Will Be Heard","angry"
"ML1093","Samuel E. Wright","Under The Sea","happy"
"ML1094","Susanna and the Magical Orchestra","Jolene","relaxed"
"ML1095","Lard","The Power of Lard","angry"
"ML1096","iLiKETRAiNS","Terra Nova","sad"
"ML1097","They Might Be Giants","Birdhouse In Your Soul","happy"
"ML1098","Wu-Tang Clan","Wu-Tang Clan Ain't Nuthing Ta F' Wit","angry"
"ML1099","Friendly Fires","Lovesick","happy"
"ML1100","Burzum","Jesus' Tod","angry"
"ML1101","Rage Against the Machine","Know Your Enemy","angry"
"ML1102","Tunng","Man in the box","relaxed"
"ML1103","Oceansize","Savant","sad"
"ML1104","Machine Head","American High","angry"
"ML1105","Otep","T.R.I.C.","angry"
"ML1106","Pat Monahan","Her Eyes","happy"
"ML1107","Hayley Westenra","Let Me Lie","relaxed"
"ML1108","Wesley Willis","I Wupped Batman's Ass","happy"
"ML1109","Marilyn Manson","Burning Flag","angry"
"ML1110","Kings Of Convenience","Know-How","relaxed"
"ML1111","Enya","OÃƒÂ­che ChiÃƒÂºin (Silent Night)","relaxed"
"ML1112","Bruce Springsteen","Pay Me My Money Down","happy"
"ML1113","Jessica Simpson","Sweetest Sin","happy"
"ML1114","The Dillinger Escape Plan","We Are the Storm","angry"
"ML1115","Bikini Kill","Suck My Left One","angry"
"ML1116","Lunatica","Out!","angry"
"ML1117","Japan","Obscure Alternatives","sad"
"ML1118","Sophie Milman","Back Home To Me","relaxed"
"ML1119","Selig","Ohne dich","sad"
"ML1120","Eighteen Visions","The Sweetest Memory","sad"
"ML1121","Queen","Mother Love","sad"
"ML1122","Seether","Fake It","angry"
"ML1123","Tenacious D","Car Chase City","happy"
"ML1124","Thievery Corporation","Amerimacka ","relaxed"
"ML1125","Remi Nicole","Dates From Hell","happy"
"ML1126","Richard Thompson","Sibella","sad"
"ML1127","At The Drive-In","Proxima Centauri","angry"
"ML1128","Nick Cave and the Bad Seeds","Where Do We Go Now But Nowhere","sad"
"ML1129","Sham 69","If The Kids Are United","angry"
"ML1130","Lit","Miserable","sad"
"ML1131","Azam Ali","From Heaven to Dust","relaxed"
"ML1132","Arab Strap","New Birds","sad"
"ML1133","Survivor","Eye of the Tiger","angry"
"ML1134","Nirvana","Tourette's","angry"
"ML1135","Rage Against the Machine","Bombtrack","angry"
"ML1136","Jack Johnson","Fortunate Fool","relaxed"
"ML1137","Nick Cave and the Bad Seeds","Far From Me","sad"
"ML1138","Kim Carnes","Bette Davis Eyes (Acoustic Version)","relaxed"
"ML1139","The Innocence Mission","Small Planes","sad"
"ML1140","Frank Sinatra","Don't Worry 'Bout Me","relaxed"
"ML1141","The Pussycat Dolls","Buttons","happy"
"ML1142","Jay Brannan","Half-Boyfriend","sad"
"ML1143","The Dillinger Escape Plan","The Mullet Burden","angry"
"ML1144","Atari Teenage Riot","Revolution Action","angry"
"ML1145","Jonathan Coulton","Ikea","happy"
"ML1146","Lipps, Inc.","Funkytown","happy"
"ML1147","Nick Cave and the Bad Seeds","Hallelujah","sad"
"ML1148","Nevermore","I Am The Dog","angry"
"ML1149","The Eames Era","Could Be Anything","happy"
"ML1150","Baccara","Yes Sir, I Can Boogie","happy"
"ML1151","Trading Yesterday","One Day","relaxed"
"ML1152","Judas Priest","Breaking the Law","angry"
"ML1153","Godsmack","Straight Out of Line","angry"
"ML1154","Stevie Wonder","Ngiculela-Es Una Historia-I Am Singing","relaxed"
"ML1155","Matt Wertz","Lonely Tonight","relaxed"
"ML1156","Oasis","I'm Outta Time","sad"
"ML1157","Silverchair","Trash","angry"
"ML1158","Ice-T","O.G. Original Gangster","angry"
"ML1159","Yanni","Nostalgia","relaxed"
"ML1160","D'Angelo","Africa","relaxed"
"ML1161","Boz Scaggs","Jojo","relaxed"
"ML1162","Mark Lanegan","Kingdoms Of Rain","sad"
"ML1163","Jason Mraz","Unfold (Eagles Ballroom Live Version)","relaxed"
"ML1164","Dark Sanctuary","La chute de l'ange","sad"
"ML1165","Bullet For My Valentine","Scream Aim Fire","angry"
"ML1166","Lonnie Donegan","My Old Man's A Dustman","happy"
"ML1167","The Decemberists","The Hazards of Love 4 (The Drowned)","sad"
"ML1168","The Replacements","All Shook Down","relaxed"
"ML1169","Balligomingo","Escape","relaxed"
"ML1170","Alela Diane","The Rifle","relaxed"
"ML1171","Sade","Hang On To Your Love","relaxed"
"ML1172","Duran Duran","Hungry Like The Wolf","happy"
"ML1173","Morrissey","Let Me Kiss You","sad"
"ML1174","Art Brut","My Little Brother","happy"
"ML1175","Village People","Macho Man","happy"
"ML1176","Ella Fitzgerald","Let Yourself Go","relaxed"
"ML1177","The Byrds","Wasn't Born To Follow","happy"
"ML1178","ElectroVamp","Drinks Taste Better When They're Free","happy"
"ML1179","Theatre of Tragedy","Bacchante","sad"
"ML1180","The Puppini Sisters","We Have All The Time In The World","happy"
"ML1181","The Emotions","Flowers","relaxed"
"ML1182","Darren Hayes","Unlovable","sad"
"ML1183","Busted","Year 3000","happy"
"ML1184","Magnolia Electric Co.","Hard to Love a Man","sad"
"ML1185","Nine Inch Nails","Wish","angry"
"ML1186","Converge","Drop Out","angry"
"ML1187","Yardbirds","I'm a Man","angry"
"ML1188","Teddy Geiger","Gentlemen","relaxed"
"ML1189","Emery","Fractions","sad"
"ML1190","DMX","Ruff Ryders' Anthem","angry"
"ML1191","Celtic Woman","The Prayer","relaxed"
"ML1192","Ramones","Do You Remember Rock 'N' Roll Radio?","happy"
"ML1193","The Cure","Us Or Them","angry"
"ML1194","Guns N Roses","Paradise City","angry"
"ML1195","Alejandro Sanz","No es lo mismo","happy"
"ML1196","System of a Down","Prison Song","angry"
"ML1197","Ozzy Osbourne","Gets Me Through","angry"
"ML1198","Lene Marlin","When You Were Around","relaxed"
"ML1199","Joshua Radin","No Envy, No Fear","relaxed"
"ML1200","Los Pericos","Pupilas Lejanas","relaxed"
"ML1201","Strokes","Hard to Explain","angry"
"ML1202","Deerhoof","O'Malley, Former Underdog","happy"
"ML1203","Powderfinger","My Kind Of Scene","relaxed"
"ML1204","Vio-Lence","Serial Killer","angry"
"ML1205","Kenny Chesney","She Thinks My Tractor's Sexy","happy"
"ML1206","Silverchair","Spawn Again","angry"
"ML1207","Sepultura","Dead Embryonic Cells","angry"
"ML1208","Steely Dan","Only A Fool Would Say That","relaxed"
"ML1209","IVY","I Think Of You","relaxed"
"ML1210","Black Sabbath","Lonely Is The Word","sad"
"ML1211","The Rakes","We Are All Animals","happy"
"ML1212","Nice & Smooth","Sometimes I Rhyme Slow","relaxed"
"ML1213","Korn","Dead Bodies Everywhere","angry"
"ML1214","Patty Griffin","Heavenly Day","relaxed"
"ML1215","U2","MLK","sad"
"ML1216","Peter Tosh","Legalize It","relaxed"
"ML1217","Serge Gainsbourg","Comic Strip","happy"
"ML1218","Isis","So Did We","sad"
"ML1219","Godsmack","Cryin' Like a Bitch","angry"
"ML1220","Edyta GÃƒÂ³rniak","Soul Boy","relaxed"
"ML1221","Nicki French","Total Eclipse Of The Heart","happy"
"ML1222","Ben Folds Five","For Those Of Ya'll Who Wear Fannie Packs","happy"
"ML1223","The Wiseguys","Ooh La La","happy"
"ML1224","Nerf Herder","Welcome To My World","happy"
"ML1225","Saosin","It's So Simple","angry"
"ML1226","Lisa Stansfield","Soul Deep","relaxed"
"ML1227","Ricky Martin","She Bangs","happy"
"ML1228","Suicide","Frankie Teardrop","angry"
"ML1229","The Contours","Do You Love Me","happy"
"ML1230","Nightmares On Wax","Flip Ya Lid","relaxed"
"ML1231","Nine Inch Nails","Burn","angry"
"ML1232","Ziggy Marley","Melancholy Mood","relaxed"
"ML1233","Lil' Kim","Magic Stick ","happy"
"ML1234","Enya","A Moment Lost","relaxed"
"ML1235","Firefall","Strange Way","relaxed"
"ML1236","Bob Rivers","Who Put the Stump?","happy"
"ML1237","Rage Against the Machine","Maggie's Farm","angry"
"ML1238","Take 6","More Than Ever","relaxed"
"ML1239","Nappy Roots","Good Day","happy"
"ML1240","Abra Moore","On the Way","relaxed"
"ML1241","Diamond Head","Am I Evil?","angry"
"ML1242","Ella Fitzgerald","In A Mellow Tone","relaxed"
"ML1243","Rage Against the Machine","Without a Face","angry"
"ML1244","Celtic Woman","Away In A Manger","relaxed"
"ML1245","Tristania","Deadlands","sad"
"ML1246","Cavalera Conspiracy","Hearts of Darkness","angry"
"ML1247","Foo Fighters","Wattershed","angry"
"ML1248","Godsmack","I Fucking Hate You","angry"
"ML1249","Joni Mitchell","Shine","relaxed"
"ML1250","Simply Red","Ev'ry Time We Say Goodbye","sad"
"ML1251","The Cure","Three Imaginary Boys","sad"
"ML1252","Judas Priest","Angel","sad"
"ML1253","Jill Scott","Show Me","relaxed"
"ML1254","Zeromancer","Doctor Online","angry"
"ML1255","Pixies","Something Against You","angry"
"ML1256","Devo","Whip It","happy"
"ML1257","Killswitch Engage","Reckoning","angry"
"ML1258","The Waterboys","Red Army Blues","sad"
"ML1259","Headstones","Fuck you","angry"
"ML1260","Black Sabbath","War Pigs","angry"
"ML1261","At the Gates","Slaughter Of The Soul","angry"
"ML1262","The Proclaimers","Letter From America","relaxed"
"ML1263","""Weird Al"" Yankovic","Cable TV","happy"
"ML1264","blink-182","Aliens Exist","happy"
"ML1265","Demon Hunter","Deteriorate","sad"
"ML1266","Jennifer Lopez","Jenny From the Block","happy"
"ML1267","OK Go","This Will Be Our Year","happy"
"ML1268","Rollins Band","Hotter And Hotter","angry"
"ML1269","The Pipettes","Your Kisses Are Wasted On Me","happy"
"ML1270","VIRGIN BLACK","Velvet Tongue","sad"
"ML1271","Luther Vandross","Promise Me","relaxed"
"ML1272","Anberlin","The Runaways","angry"
"ML1273","Tom ZÃƒÂ©","A Felicidade","relaxed"
"ML1274","Hole","Reasons To Be Beautiful","sad"
"ML1275","HIM","Heartache Every Moment","sad"
"ML1276","Opeth","Blackwater Park","sad"
"ML1277","Sondre Lerche","Side Two","relaxed"
"ML1278","Morrissey","There's A Place In Hell For Me And My Friends","sad"
"ML1279","At The Drive-In","Chanbara","angry"
"ML1280","Aerosmith","Dude (Looks Like A Lady)","happy"
"ML1281","Rammstein","Wo bist du","sad"
"ML1282","Weezer","Good Life","angry"
"ML1283","Mark Hollis","The Colour Of Spring","sad"
"ML1284","Slayer","Crypts of Eternity","angry"
"ML1285","Jon & Vangelis","I Hear You Now","relaxed"
"ML1286","BeyoncÃƒÂ©","Crazy In Love","happy"
"ML1287","Quiet Riot","Bang Your Head (Metal Health)","angry"
"ML1288","Rage Against the Machine","Pistol Grip Pump","angry"
"ML1289","Delerium","Fallen Icons","relaxed"
"ML1290","Donald Fagen","H Gang","relaxed"
"ML1291","The Stooges","1970 (Take 3)","angry"
"ML1292","Yo La Tengo","Big Day Coming","relaxed"
"ML1293","Celtic Woman","The Blessing","relaxed"
"ML1294","Johnny Paycheck","Take This Job and Shove It","happy"
"ML1295","Faith No More","Epic","angry"
"ML1296","Blu Cantrell","Don't Wanna Say Goodbye","sad"
"ML1297","Jesus & Mary Chain","Blues from a Gun","angry"
"ML1298","The Jets","Make It Real","sad"
"ML1299","The Cure","Out Of This World","sad"
"ML1300","Psapp","The Words","happy"
"ML1301","Cansei de Ser Sexy","Move","happy"
"ML1302","Seu Jorge","Rebel Rebel","relaxed"
"ML1303","Flight of the Conchords","Inner City Pressure","happy"
"ML1304","Air","The Vagabond","relaxed"
"ML1305","Reel Big Fish","Your Guts (I Hate 'Em)","angry"
"ML1306","Limp Bizkit","The Story","angry"
"ML1307","HÃƒÂ¼sker DÃƒÂ¼","Hardly Getting Over It","sad"
"ML1308","Willie Nelson","Sad Songs And Waltzes","sad"
"ML1309","Split Enz","I Got You","angry"
"ML1310","Don Omar","Salio El Sol","happy"
"ML1311","Norah Jones","The Long Way Home","relaxed"
"ML1312","At The Drive-In","Cosmonaut","angry"
"ML1313","Augie March","There Is No Such Place","relaxed"
"ML1314","Yeah Yeah Yeahs","Black Tongue","happy"
"ML1315","Hatebreed","A Call For Blood","angry"
"ML1316","Cursive","Art Is Hard","angry"
"ML1317","The String Cheese Incident","Sometimes a River","relaxed"
"ML1318","Lisa Ekdahl","Only You","relaxed"
"ML1319","Athlete","Flying Over Bus Stops","relaxed"
"ML1320","Duke Ellington","Satin Doll","relaxed"
"ML1321","Anthrax","C11 H17 N2 O2 S Na","angry"
"ML1322","Rick Braun","Walk On The Wild Side","relaxed"
"ML1323","Children of Bodom","Downfall","angry"
"ML1324","N.W.A","Fuck tha Police","angry"
"ML1325","Ministry","Wrong","angry"
"ML1326","Alice Cooper","Halo of Flies","angry"
"ML1327","Apostle of Hustle","Animal Fat","relaxed"
"ML1328","Blue October","Razorblade","angry"
"ML1329","Black Flag","Room 13","angry"
"ML1330","M. Ward","For Beginners","relaxed"
"ML1331","Valley of the Giants","Bala Bay Inn","relaxed"
"ML1332","Sleeping at Last","Hurry","relaxed"
"ML1333","Janina","Nachts um halb drei","happy"
"ML1334","Antony and the Johnsons","Free at Last","sad"
"ML1335","Neil Young","I've Loved Her So Long","sad"
"ML1336","Kool & The Gang","Summer Madness","relaxed"
"ML1337","Animal Collective","Who Could Win a Rabbit","happy"
"ML1338","Question Mark & The Mysterians","96 Tears","angry"
"ML1339","Elvis Presley","In The Ghetto","sad"
"ML1340","Fabrizio De AndrÃƒÂ©","Preghiera In Gennaio","sad"
"ML1341","JoÃƒÂ£o Gilberto","Samba Da Minha Terra","relaxed"
"ML1342","The Ronettes","Sleigh Ride","happy"
"ML1343","Rick James","Super Freak","happy"
"ML1344","Laurie Anderson","Speak My Language","sad"
"ML1345","Keri Noble","Bartender","sad"
"ML1346","Jessica Simpson","A Public Affair","happy"
"ML1347","The Pierces","Turn on Billie","relaxed"
"ML1348","Madness","Shut Up","happy"
"ML1349","Miles Davis","Summertime","relaxed"
"ML1350","Bikini Kill","DemiRep","angry"
"ML1351","Bronco","Que Te Han Visto Llorar","sad"
"ML1352","Anthrax","Anti-Social","angry"
"ML1353","Kasia Kowalska","Bezpowrotnie","sad"
"ML1354","Kanye West","Through The Wire","happy"
"ML1355","Birthday Party","Dead Joe","angry"
"ML1356","Papas Fritas","Way You Walk","happy"
"ML1357","Emily Jane White","The Demon","sad"
"ML1358","Megadeth","Promises","angry"
"ML1359","The Stone Roses","(Song For My) Sugar Spun Sister","relaxed"
"ML1360","Mastodon","Hearts Alive","angry"
"ML1361","Deep Forest","Forest Hymn","relaxed"
"ML1362","Siouxsie and the Banshees","Regal Zone","angry"
"ML1363","DMX","Ready To Meet Him","sad"
"ML1364","Swallow The Sun","The Justice of Suffering","sad"
"ML1365","Skinny Puppy","Candle","sad"
"ML1366","Glashaus","Was immer jetzt geschieht","sad"
"ML1367","Tenacious D","Kyle Quit The Band","happy"
"ML1368","The Cooper Temple Clause","Take Comfort","relaxed"
"ML1369","Cure","Killing an Arab","angry"
"ML1370","Laura Fygi","Dream A Little Dream","relaxed"
"ML1371","Bullet For My Valentine","The Poison","angry"
"ML1372","Simon & Garfunkel","Patterns","relaxed"
"ML1373","Martina Topley-Bird","Ragga","happy"
"ML1374","Nick Cave and the Bad Seeds","Lovely Creature","sad"
"ML1375","Wu-Tang Clan","Impossible","sad"
"ML1376","Maanam","WyjÃ„Â…tkowo zimny maj","sad"
"ML1377","Good Shoes","The Photos On My Wall","happy"
"ML1378","Lamb of God","Walk with Me in Hell","angry"
"ML1379","The Brian Setzer Orchestra","Since I Don't Have You","sad"
"ML1380","Jenny Owen Youngs","Keys Out Lights On","relaxed"
"ML1381","Kosheen","Under Fire","sad"
"ML1382","Ella Fitzgerald","I Get A Kick Out Of You","relaxed"
"ML1383","Marilyn Manson","Born Again","angry"
"ML1384","Isis","In Fiction","sad"
"ML1385","Sophie Zelmani","I'd Be Broken","relaxed"
"ML1386","50 Cent","Ski Mask Way","angry"
"ML1387","N.W.A","Gangsta Gangsta","angry"
"ML1388","My Dying Bride","Grace Unhearing","sad"
"ML1389","Portishead","Magic Doors","sad"
"ML1390","Ice Cube","How to Survive in South Central","angry"
"ML1391","Ricky Martin","La Bomba","happy"
"ML1392","Von Hertzen Brothers","Another worthless day","sad"
"ML1393","Bone Thugs-N-Harmony","Weed Song","relaxed"
"ML1394","Cat Power","The Coat Is Always On","sad"
"ML1395","Ben Lee","Whatever It Is","relaxed"
"ML1396","Patrick Wolf","To the Lighthouse","sad"
"ML1397","Anthrax","A.I.R.","angry"
"ML1398","Jill Scott","Whenever You're Around","relaxed"
"ML1399","SinÃƒÂ©ad O'Connor","I Do Not Want What I Haven't Got","relaxed"
"ML1400","Matthews' Southern Comfort","Woodstock","relaxed"
"ML1401","Celtic Woman","Beyond The Sea","relaxed"
"ML1402","The Asteroids Galaxy Tour","Around The Bend","happy"
"ML1403","Queens Of The Stone Age","Six Shooter","angry"
"ML1404","Meryl Streep","The Winner Takes It All","sad"
"ML1405","Concrete Blonde","Everybody Knows","sad"
"ML1406","G. Love & Special Sauce","Relax","relaxed"
"ML1407","Noisettes","The Count Of Monte Christo","happy"
"ML1408","Jamie O'Neal","All By Myself","sad"
"ML1409","The Hoosiers","Worst Case Scenario","happy"
"ML1410","Yo La Tengo","Black Flowers","relaxed"
"ML1411","Kelly Clarkson","Don't Let Me Stop You","angry"
"ML1412","Katatonia","Don't Tell A Soul","sad"
"ML1413","Cobra Starship","It's Warmer In The Basement","happy"
"ML1414","The Cure","Why Can't I Be You?","happy"
"ML1415","Dianne Reeves","One For My Baby","relaxed"
"ML1416","The Doors","Celebration of the Lizard","angry"
"ML1417","Red House Painters","Medicine Bottle","sad"
"ML1418","The Magnetic Fields","The Luckiest Guy On The Lower East Side","happy"
"ML1419","Dexys Midnight Runners","Come On Eileen","happy"
"ML1420","The Duke Spirit","Love Is An Unfamiliar Name","happy"
"ML1421","Au Revoir Simone","I Couldn't Sleep","relaxed"
"ML1422","October Tide","Losing Tomorrow","sad"
"ML1423","Alesana","Apology","sad"
"ML1424","KMFDM","Don't Blow Your Top","angry"
"ML1425","Pulp","Blue Glow","sad"
"ML1426","Jonas Brothers","Shelf","happy"
"ML1427","Cara Dillon","Blue Mountain River","relaxed"
"ML1428","Evanescence","Haunted","sad"
"ML1429","Interpol","The Scale","sad"
"ML1430","Celtic Woman","The Sky And The Dawn And The Sun","relaxed"
"ML1431","Juanes","La Camisa Negra","happy"
"ML1432","The Cooper Temple Clause","Talking To A Brick Wall","sad"
"ML1433","Moya Brennan","Change My World","relaxed"
"ML1434","The Ohio Players","I Want To Be Free","relaxed"
"ML1435","Mis-Teeq","Scandalous","happy"
"ML1436","Tamia","You Put A Move On My Heart","relaxed"
"ML1437","Shakedown","At Night","happy"
"ML1438","Steely Dan","Your Gold Teeth II","relaxed"
"ML1439","Lykke Li","Sadness Is A Blessing","sad"
"ML1440","Kiss","Black Diamond","happy"
"ML1441","Hanne Hukkelberg","Balloon","relaxed"
"ML1442","Sex Pistols","No Fun","angry"
"ML1443","Judy Garland","I'm Nobody's Baby","sad"
"ML1444","BeyoncÃƒÂ©","Listen","sad"
"ML1445","Unbelievable Truth","Dune Sea","sad"
"ML1446","Madredeus","O ParaÃƒÂ­so","relaxed"
"ML1447","Jonathan Coulton","You Ruined Everything","happy"
"ML1448","Badly Drawn Boy","This Song","relaxed"
"ML1449","Rage Against the Machine","No Shelter","angry"
"ML1450","Marla Hansen","Shuffle Your Feet","relaxed"
"ML1451","Sophie Zelmani","Fire","sad"
"ML1452","Janis Joplin","Get It While You Can","relaxed"
"ML1453","Pere Ubu","30 Seconds Over Tokyo","angry"
"ML1454","Eftos","Hyaluron","angry"
"ML1455","Kool Keith","Tess Shit","angry"
"ML1456","Blur",1992,"sad"
"ML1457","Zombie Girl","Creepy Crawler","angry"
"ML1458","Casiotone for the Painfully Alone","Don't They Have Payphones Wherever You Were Last Night","sad"
"ML1459","of Montreal","Your Magic Is Working","happy"
"ML1460","DIR EN GREY","Merciless Cult","angry"
"ML1461","Mayer Hawthorne","A Strange Arrangement","relaxed"
"ML1462","Destroyer","Foam Hands","sad"
"ML1463","The Sisters Of Mercy","Doctor Jeep","sad"
"ML1464","Thirteen Senses","Undivided","sad"
"ML1465","Sambassadeur","Ice & Snow","relaxed"
"ML1466","Slipknot","Pulse of the Maggots","angry"
"ML1467","Gwen Stefani","Rich Girl","happy"
"ML1468","Carnifex","Sadistic Embrace","angry"
"ML1469","Slayer","Here Comes the Pain","angry"
"ML1470","Rihanna","SOS","happy"
"ML1471","The Isley Brothers","Hello It's Me","relaxed"
"ML1472","The Innocence Mission","Walking Around","relaxed"
"ML1473","Clap Your Hands Say Yeah","Upon This Tidal Wave of Young Blood","happy"
"ML1474","Michelle Williams","We Break The Dawn","happy"
"ML1475","Scandinavian Music Group","Ilman sinua olen lyijyÃƒÂ¤","sad"
"ML1476","M83","She Stands Up","relaxed"
"ML1477","The Ruts","Babylon's Burning","angry"
"ML1478","Pere Ubu","Modern Dance","angry"
"ML1479","Whiskeytown","Easy Hearts","relaxed"
"ML1480","Megadeth","Train of Consequences","angry"
"ML1481","Anathema","Fragile Dreams","sad"
"ML1482","Matt Dusk","Always","relaxed"
"ML1483","Remy Shand","Burning Bridges","relaxed"
"ML1484","Muse","Hyper Music","angry"
"ML1485","Detonautas Roque Clube","VocÃƒÂª Me Faz TÃƒÂ£o Bem","sad"
"ML1486","We Are Scientists","What's The Word","angry"
"ML1487","Slightly Stoopid","Wiseman","relaxed"
"ML1488","Anaal Nathrakh","The Destroying Angel","angry"
"ML1489","Union of Knives","Evil Has Never","sad"
"ML1490","Imogen Heap","Spooky","relaxed"
"ML1491","Blue Oyster Cult","Godzilla","angry"
"ML1492","Blur","It Could Be You","happy"
"ML1493","Diamanda GalÃƒÂ¡s","Free Among the Dead","angry"
"ML1494","Leonard Cohen","Teachers","sad"
"ML1495","Tim Buckley","No Man Can Find The War","sad"
"ML1496","Harry Belafonte","Jump in the Line","happy"
"ML1497","Bad Company","Bad Company","sad"
"ML1498","Jamie Lidell","Multiply","happy"
"ML1499","Cat Power","Cross Bones Style","angry"
"ML1500","Slayer","Darkness of Christ","angry"
"ML1501","Papa Roach","Dead Cell","angry"
"ML1502","The Pierces","Lights On","happy"
"ML1503","Ween","Boys Club","happy"
"ML1504","Talk Talk","I Don't Believe in You","sad"
"ML1505","The Cinematic Orchestra","Burn Out","relaxed"
"ML1506","Dope","Pig Society","angry"
"ML1507","Stina Nordenstam","The End of a Love Affair","sad"
"ML1508","Woven Hand","Story and Pictures","sad"
"ML1509","Queens Of The Stone Age","Feel Good Hit Of The Summer","happy"
"ML1510","Pnau","Embrace","happy"
"ML1511","Maps","Glory Verse","relaxed"
"ML1512","Flowing Tears","Portsall (Departure Song)","sad"
"ML1513","Louis Armstrong","Nobody Knows The Trouble I've Seen","sad"
"ML1514","Old Crow Medicine Show","Down Home Girl","happy"
"ML1515","Donald Fagen","Walk Between Raindrops","relaxed"
"ML1516","Al Martino","VOLARE","happy"
"ML1517","Pat Boone","Speedy Gonzales","happy"
"ML1518","Inner City","Big Fun","happy"
"ML1519","Black Sabbath","The Writ","angry"
"ML1520","Groove Armada","But I Feel Good","happy"
"ML1521","Billy Talent","Pins and Needles","sad"
"ML1522","Megadeth","Crush 'Em","angry"
"ML1523","Girls Aloud","Whole Lotta History","sad"
"ML1524","Blink 182","Adam's Song","angry"
"ML1525","Yelle","Mal Poli","happy"
"ML1526","Shearwater","You're the Coliseum","relaxed"
"ML1527","Lloyd Cole And The Commotions","Are You Ready To Be Heartbroken?","sad"
"ML1528","Miley Cyrus","Breakout","happy"
"ML1529","Opeth","The Baying of the Hounds","sad"
"ML1530","DMX","What's My Name?","angry"
"ML1531","Chris Garneau","Things She Said","sad"
"ML1532","My Dying Bride","The Light at the End of the World","sad"
"ML1533","Baccara","Sorry, I'm A Lady","happy"
"ML1534","Panzer AG","Filth God","angry"
"ML1535","Green Day","Platypus","angry"
"ML1536","Boyzone","Baby Can I Hold You","relaxed"
"ML1537","Howard Jones","Life In One Day","happy"
"ML1538","Mindy Smith","Falling","relaxed"
"ML1539","Shenandoah","Ghost In This House","sad"
"ML1540","The Gathering","Golden Grounds","sad"
"ML1541","Anouk","For Bitter Or Worse","sad"
"ML1542","The Smashing Pumpkins","Rotten Apples","sad"
"ML1543","The Good Life","Heartbroke","sad"
"ML1544","Jack Johnson","The Horizon Has Been Defeated","relaxed"
"ML1545","The Smiths","This Night Has Opened My Eyes","sad"
"ML1546","Idlewild","Love Steals Us From Loneliness","sad"
"ML1547","Delta Goodrem","You Will Only Break My Heart","happy"
"ML1548","Metallica","Last Caress/Green Hell","angry"
"ML1549","Korn","Right Now","angry"
"ML1550","Morphine","Murder For The Money","sad"
"ML1551","Neurosis","To the Wind","sad"
"ML1552","Free","All Right Now","happy"
"ML1553","The Beatles","Please Please Me","happy"
"ML1554","50 Cent","In Da Club","happy"
"ML1555","Trevor Hall","Other Ways","relaxed"
"ML1556","Sharon Van Etten","Don't Do It","sad"
"ML1557","Slipknot","Wait and Bleed","angry"
"ML1558","Alesana","Congratulations, I hate you","angry"
"ML1559","Husky Rescue","Diamonds in the Sky","relaxed"
"ML1560","The Fall","Middle Class Revolt","angry"
"ML1561","Dope","Die Motherfucker Die","angry"
"ML1562","All Time Low","Poppin' Champagne","happy"
"ML1563","Megadeth","Black Curtains","angry"
"ML1564","PJ Harvey","Snake","angry"
"ML1565","Megadeth","Mastermind","angry"
"ML1566","The Band","The Night They Drove Old Dixie Down (alternate mix)","sad"
"ML1567","Turisas","Sahti-Waari","happy"
"ML1568","My Morning Jacket","Xmas Curtain","relaxed"
"ML1569","Terence Trent D'arby","Delicate","relaxed"
"ML1570","Wesley Willis","Oil Express","happy"
"ML1571","Boney James","In The Rain ","relaxed"
"ML1572","Krokus","Screaming in the Night","angry"
"ML1573","The Black Ghosts","Full Moon","relaxed"
"ML1574","Incubus","Megalomaniac","angry"
"ML1575","Antimatter","God Is Coming","sad"
"ML1576","Carbon Leaf","Changeless","relaxed"
"ML1577","Pato Fu","30.000 PÃƒÂ©s","relaxed"
"ML1578","Remy Shand","Take A Message","relaxed"
"ML1579","Hawk Nelson","Everything You Ever Wanted","sad"
"ML1580","The Jackson 5","The Love You Save","happy"
"ML1581","My Dying Bride","Into the Lake of Ghosts","sad"
"ML1582","Little Brother","Nighttime Maneuvers","relaxed"
"ML1583","Dashboard Confessional","The Shade Of Poison Trees","sad"
"ML1584","BÃƒÂ¶hse Onkelz","Bin ich nur glÃƒÂ¼cklich, wenn es schmerzt","sad"
"ML1585","Enigma","Return to Innocence","relaxed"
"ML1586","Dr. Hook","Sylvia's Mother","sad"
"ML1587","Eminem","Soldier","angry"
"ML1588","Today Is The Day","Temple of the Morning Star","sad"
"ML1589","Blondie","One Way Or Another","happy"
"ML1590","Beck","Modern Guilt","relaxed"
"ML1591","Moxy FrÃƒÂ¼vous","I Love My Boss","happy"
"ML1592","Michael Jackson","Someone Put Your Hand Out","relaxed"
"ML1593","Pete and the Pirates","Mr Understanding","happy"
"ML1594","Slayer","Flesh Storm","angry"
"ML1595","Limp Bizkit","Nookie","angry"
"ML1596","Copeland","The Grey Man","relaxed"
"ML1597","Donald Fagen","Mary Shut The Garden Door","relaxed"
"ML1598","Lisa Hannigan","Pistachio","relaxed"
"ML1599","Cars Can Be Blue","Dirty Song","happy"
"ML1600","Grace Jones","I'm Crying (Mother's Tears)","sad"
"ML1601","Cajun Dance Party","Amylase","happy"
"ML1602","Britney Spears","The Beat Goes On","happy"
"ML1603","Kayo Dot","Immortelle and Paper Caravelle","relaxed"
"ML1604","Brother Ali","Walking Away","sad"
"ML1605","En Vogue","Free Your Mind","happy"
"ML1606","Bodyrox","Yeah Yeah","happy"
"ML1607","KC And The Sunshine Band","Get Down Tonight","happy"
"ML1608","Jack Johnson","Posters","relaxed"
"ML1609","Air","New Star in the Sky","relaxed"
"ML1610","Children of Bodom","Hatebreeder","angry"
"ML1611","DIR EN GREY","AGITATED SCREAMS OF MAGGOTS","angry"
"ML1612","JosÃƒÂ© GonzÃƒÂ¡lez","Stay In The Shade","relaxed"
"ML1613","The New Pornographers","Star Bodies","happy"
"ML1614","Dubstar","St. Swithin's Day","relaxed"
"ML1615","Ween","Voodoo Lady","happy"
"ML1616","Andrew Bird","Armchairs","relaxed"
"ML1617","Peaches","Fuck The Pain Away","happy"
"ML1618","Delta Goodrem","Throw It Away","relaxed"
"ML1619","The Cure","The Lovecats","happy"
"ML1620","All Time Low","The Beach","happy"
"ML1621","Red House Painters","San Geronimo","sad"
"ML1622","Zero 7","I Have Seen","relaxed"
"ML1623","Mazzy Star","Free","relaxed"
"ML1624","Monster Magnet","Powertrip","angry"
"ML1625","Vangelis","Tales of the Future","relaxed"
"ML1626","Crippled Black Phoenix","Burnt Reynolds","sad"
"ML1627","Sia","Little Black Sandals","relaxed"
"ML1628","Renee Olstead","Taking A Chance On Love","relaxed"
"ML1629","My Dying Bride","Black God","sad"
"ML1630","JC Chasez","Dear Goodbye","sad"
"ML1631","Soulsavers","You Will Miss Me When I Burn","sad"
"ML1632","Goldfish","Hold Tight","happy"
"ML1633","The Modern Lovers","Hospital","sad"
"ML1634","Alanis Morissette","All I Really Want","angry"
"ML1635","James","Say Something","sad"
"ML1636","Dan Le Sac vs Scroobius Pip","Look For The Woman","sad"
"ML1637","The Constructus Corporation","I'll See You Now Now","relaxed"
"ML1638","Ice Cube","My Summer Vacation","angry"
"ML1639","We Are The Fallen","I Am Only One","sad"
"ML1640","Evergreen Terrace","Mad World","angry"
"ML1641","Hot Chocolate","You Sexy Thing","happy"
"ML1642","The Cat Empire","The Rhythm","happy"
"ML1643","Ulrich Schnauss","On My Own","relaxed"
"ML1644","The Mars Volta","Tetragrammaton","angry"
"ML1645","El Perro del Mar","This Loneliness","sad"
"ML1646","John Denver","Grandma's Feather Bed","happy"
"ML1647","LL Cool J","Mama Said Knock You Out","angry"
"ML1648","Gary Numan","Absolution","sad"
"ML1649","Beck","QuÃƒÂ© Onda Guero","happy"
"ML1650","No Doubt","Rock Steady","relaxed"
"ML1651","Tori Amos","Tombigbee","angry"
"ML1652","Babes In Toyland","Handsome and Gretel","angry"
"ML1653","Eagle-Eye Cherry","Permanent Tears","relaxed"
"ML1654","No Use for a Name","Born Addicted","angry"
"ML1655","Immortal Technique","The 4th Branch","angry"
"ML1656","The Format","On Your Porch (acoustic)","sad"
"ML1657","Tracey Thorn","Nowhere Near","sad"
"ML1658","Tenacious D","Papagenu (He's My Sassafrass)","happy"
"ML1659","Nine Inch Nails","Ruiner","angry"
"ML1660","Tool","Intolerance","angry"
"ML1661","Jorge Ben","Que Maravilha","relaxed"
"ML1662","Melody Gardot","Goodnite","relaxed"
"ML1663","Will Young","Who Am I","sad"
"ML1664","Lords of Acid","I Sit On Acid (Soulwax remix)","happy"
"ML1665","Norah Jones","Broken","relaxed"
"ML1666","Abra Moore","Sorry","relaxed"
"ML1667","David Ford","Laughing Aloud","relaxed"
"ML1668","Tracey Thorn","A-Z","sad"
"ML1669","BjÃƒÂ¶rk","Army Of Me","angry"
"ML1670","Despised Icon","In The Arms Of Perdition","angry"
"ML1671","Mercury Rev","Holes","relaxed"
"ML1672","Robert Palmer","Every Kinda People","relaxed"
"ML1673","Peter & Gordon","Lady Godiva","happy"
"ML1674","The Notorious B.I.G.","Ready to Die","angry"
"ML1675","The Mars Volta","Roulette Dares (The Haunt Of)","angry"
"ML1676","Deee-Lite","Groove Is In The Heart","happy"
"ML1677","Hungry Lucy","To Kill a King","relaxed"
"ML1678","Katy Perry","I Kissed A Girl","happy"
"ML1679","Tom Waits","Cold Cold Ground","sad"
"ML1680","Supreme Beings of Leisure","What's the Deal","relaxed"
"ML1681","Curtis Mayfield","Future Shock","angry"
"ML1682","Daughtry","What I Want","angry"
"ML1683","Megadeth","Prince of Darkness","angry"
"ML1684","Junior Boys","Caught in a Wave","relaxed"
"ML1685","Lil' Kim","How Many Licks ","happy"
"ML1686","Cyndi Lauper","I Drove All Night","happy"
"ML1687","Donavon Frankenreiter","On My Mind","relaxed"
"ML1688","Slayer","Public Display Of Dismemberment","angry"
"ML1689","Slayer","Mandatory Suicide","angry"
"ML1690","Lady Gaga","Teeth","happy"
"ML1691","Toby Keith","Who's Your Daddy?","happy"
"ML1692","M.I.A.","Jimmy","happy"
"ML1693","Buzzcocks","Ever Fallen in Love?","angry"
"ML1694","The Specials","Guns of Navarone","happy"
"ML1695","Katatonia","Brave","sad"
"ML1696","Gordon Lightfoot","Carefree Highway","relaxed"
"ML1697","Ivy","Edge Of The Ocean","relaxed"
"ML1698","Leonard Cohen","The Old Revolution","sad"
"ML1699","Porcupine Tree","Shesmovedon","sad"
"ML1700","Tupac Shakur","Fuck the World","angry"
"ML1701","The Rolling Stones","Heart Of Stone","sad"
"ML1702","Rickie Lee Jones","Easy Money","relaxed"
"ML1703","Drowning Pool","Step Up","angry"
"ML1704","Rage Against the Machine","Bullet In The Head","angry"
"ML1705","Foo Fighters","The Pretender","angry"
"ML1706","BjÃƒÂ¶rn RosenstrÃƒÂ¶m","Lurad","happy"
"ML1707","Tilly and the Wall","Sing Songs Along","happy"
"ML1708","Guano Apes","You Can't Stop Me","angry"
"ML1709","The Byrds","He Was A Friend Of Mine","sad"
"ML1710","Feelies","Fa CÃƒÂ©-La","angry"
"ML1711","Kiss","I Still Love You","sad"
"ML1712","The J. Geils Band","Centerfold","happy"
"ML1713","Veronica Maggio","MÃƒÂ¥ndagsbarn","happy"
"ML1714","Mando Diao","Clean Town","happy"
"ML1715","Westlife","Uptown Girl","happy"
"ML1716","Oceansize","Only Twin","sad"
"ML1717","God Module","Sections","sad"
"ML1718","Dawn Landes","You Alone","sad"
"ML1719","The Stills","Everything I Build","sad"
"ML1720","Beth Rowley","Angel Flying Too Close To The Ground","sad"
"ML1721","Syd Barrett","Terrapin","relaxed"
"ML1722","Marilyn Manson","Man That You Fear","angry"
"ML1723","Alice Cooper","Wake the Dead","angry"
"ML1724","Slayer","Overt Enemy","angry"
"ML1725","Blue ÃƒÂ–yster Cult","Death Valley Nights","sad"
"ML1726","Barry Mann","Who Put The Bomp ","happy"
"ML1727","Frightened Rabbit","My Backwards Walk","sad"
"ML1728","Destruction","Fear of the moment","angry"
"ML1729","Cradle of Filth","Filthy Little Secret","angry"
"ML1730","Bruce Springsteen","Born in the USA","angry"
"ML1731","Tilly and the Wall","Fell Down the Stairs","happy"
"ML1732","At the Gates","Suicide Nation","angry"
"ML1733","Seether","Fade Away","sad"
"ML1734","Lamb of God","What I've Become","angry"
"ML1735","NOFX","Murder The Government","angry"
"ML1736","Al Green","I'm Still In Love With You","relaxed"
"ML1737","My Bloody Valentine","No More Sorry","sad"
"ML1738","Rammstein","Mutter","sad"
"ML1739","Jarvis Cocker","Running The World","angry"
"ML1740","Slayer","Hate Worldwide","angry"
"ML1741","Megadeth","Foreclosure of a Dream","angry"
"ML1742","Mamonas Assassinas","Vira-Vira","happy"
"ML1743","Police","Can't Stand Losing You","angry"
"ML1744","The Brand New Heavies","Dream Come True","happy"
"ML1745","Jack Johnson","Adrift","relaxed"
"ML1746","Megadeth","Seven","angry"
"ML1747","Killswitch Engage","Unbroken","angry"
"ML1748","Enigma","Callas Went Away","relaxed"
"ML1749","As Cities Burn","Timothy","sad"
"ML1750","Katatonia","Leaders","sad"
"ML1751","Hot Chip","In The Privacy Of Our Love","relaxed"
"ML1752","Stephen Lynch","Vanilla Ice Cream","happy"
"ML1753","Enya","Amid the Falling Snow","relaxed"
"ML1754","Tenpole Tudor","Wunderbar","happy"
"ML1755","The Little Ones","There's a Pot a Brewin'","happy"
"ML1756","Sentenced","Aika Multaa Muistot (everything Is Nothing)","sad"
"ML1757","The Album Leaf","There Is A Wind","relaxed"
"ML1758","The Bird And The Bee","I'm a Broken Heart","sad"
"ML1759","Hellsongs","Run to the Hills","relaxed"
"ML1760","Grand National","Peanut Dreams","relaxed"
"ML1761","Slayer","Live Undead","angry"
"ML1762","Eliane Elias","Chega De Saudade","relaxed"
"ML1763","Demon Hunter","My Heartstrings Come Undone","sad"
"ML1764","Eluveitie","Elembivos","sad"
"ML1765","Queen","Flash","happy"
"ML1766","We Are The Fallen","Tear The World Down","sad"
"ML1767","Sentenced","Nepenthe","sad"
"ML1768","LeAnn Rimes","Big Deal","angry"
"ML1769","Kings of Leon","McFearless","angry"
"ML1770","Mando Diao","You Can't Steal My Love","happy"
"ML1771","Sondre Lerche","To Be Surprised","happy"
"ML1772","The Most Serene Republic","Proposition 61","relaxed"
"ML1773","Atari Teenage Riot","Too Dead for Me","angry"
"ML1774","The Arrogant Worms","Johnny Came Home Headless","happy"
"ML1775","Ice T","New Jack Hustler","angry"
"ML1776","Cult of Luna","And With Her Came The Birds","sad"
"ML1777","DIR EN GREY","Ã©Â¼Â“Ã¥Â‹Â•","sad"
"ML1778","Anberlin","Dismantle.Repair.","sad"
"ML1779","Lisa Stansfield","Change","happy"
"ML1780","Yael NaÃƒÂ¯m","Lonely","sad"
"ML1781","Marissa Nadler","Rosary","sad"
"ML1782","The Dead Weather","Will There Be Enough Water?","sad"
"ML1783","Dave Matthews Band","I Did It","relaxed"
"ML1784","You Love Her Coz She's Dead","Superheroes","angry"
"ML1785","Foo Fighters","Virginia Moon","relaxed"
"ML1786","Moloko","Party Weirdo","happy"
"ML1787","Okkervil River","It Ends With a Fall","sad"
"ML1788","Anathallo","Kasa No Hone (the umbrella's bones)","relaxed"
"ML1789","Architecture in Helsinki","Red Turned White","happy"
"ML1790","Gorgoroth","Incipit satan","angry"
"ML1791","Richard Hawley","For Your Lover Give Some Time","sad"
"ML1792","Jimmy Eat World","Disintegration","sad"
"ML1793","Moxy FrÃƒÂ¼vous","Entropy","happy"
"ML1794","American Music Club","The Confidential Agent","sad"
"ML1795","Minnie Riperton","Memory Lane","relaxed"
"ML1796","Gary Numan","One Perfect Lie","sad"
"ML1797","Abba","Take A Chance On Me","happy"
"ML1798","Rammstein","Eifersucht","angry"
"ML1799","Steely Dan","Things I Miss The Most","relaxed"
"ML1800","J.B.O.","Walk with An Erection","happy"
"ML1801","Leonard Cohen","Winter Lady","sad"
"ML1802","Zen CafÃƒÂ©","Vattupuskassa","sad"
"ML1803","Zac Brown Band","Chicken Fried","happy"
"ML1804","David Holmes","Gritty Shaker","happy"
"ML1805","Rammstein","Ohne dich","sad"
"ML1806","The Little Willies","Lou Reed","happy"
"ML1807","Rage Against the Machine","New Millennium Homes","angry"
"ML1808","Katatonia","The Longest Year","sad"
"ML1809","Cake","Where Would I Be?","sad"
"ML1810","Chris Garneau","Black & Blue","sad"
"ML1811","Aly & AJ","Like Whoa","happy"
"ML1812","Shawn Colvin","Wichita Skyline","relaxed"
"ML1813","Eurythmics","I Need You","sad"
"ML1814","The Presidents of the United States of America","Lump","happy"
"ML1815","Sophie Ellis-Bextor","Can't Have It All","sad"
"ML1816","Slayer","Ghosts of War","angry"
"ML1817","Cascada","What Hurts The Most","happy"
"ML1818","El-P","Stepfather Factory","sad"
"ML1819","Black Eyed Peas","Anxiety","angry"
"ML1820","Interpol","Rest My Chemistry","sad"
"ML1821","India.Arie","Little Things","relaxed"
"ML1822","Swallow The Sun","Don't Fall Asleep (Horror Pt. 2)","sad"
"ML1823","Narsilion","A Night in Fairyland","relaxed"
"ML1824","Sibylle Baier","Girl","relaxed"
"ML1825","Ice Cube","Endangered Species (Tales From the Darkside)","angry"
"ML1826","Mastodon","I Am Ahab","angry"
"ML1827","Louis Armstrong","That Lucky Old Sun ","relaxed"
"ML1828","Cake","Wheels","happy"
"ML1829","Carpark North","Fireworks","sad"
"ML1830","David Bowie","Afraid","sad"
"ML1831","Paris Hilton","Fightin' Over Me ","happy"
"ML1832","The Smiths","What Difference Does It Make?","sad"
"ML1833","Black Flag","Jealous Again","angry"
"ML1834","The Oppressed","Victims","angry"
"ML1835","Blur","Sunday Sunday","happy"
"ML1836","Telepathe","So Fine","happy"
"ML1837","Cat Stevens","How Can I Tell You","relaxed"
"ML1838","A Perfect Circle","What's Going On","relaxed"
"ML1839","Jack Johnson","Situations","relaxed"
"ML1840","The Allman Brothers Band","Stormy Monday","relaxed"
"ML1841","Echo & the Bunnymen","Do It Clean","angry"
"ML1842","Eugene McGuinness","Those Old Black and White Movies Were True","relaxed"
"ML1843","Patti LaBelle","New Day","relaxed"
"ML1844","Karen O and the Kids","Rumpus","happy"
"ML1845","John O'Callaghan","Never Fade Away","relaxed"
"ML1846","Zebda","Tomber La Chemise","happy"
"ML1847","ERA","Ameno","relaxed"
"ML1848","James Yuill","This Sweet Love","relaxed"
"ML1849","Natasha Bedingfield","I Wanna Have Your Babies","happy"
"ML1850","Dr. Bombay","Rice & Curry","happy"
"ML1851","Rage Against the Machine","In My Eyes","angry"
"ML1852","Dirty Sanchez","Dig It","happy"
"ML1853","Jean Grae","My Story","sad"
"ML1854","The Mars Volta","Inertiatic Esp","angry"
"ML1855","Todd Rundgren","Song of the Viking","happy"
"ML1856","Todd Rundgren","Bang The Drum All Day","happy"
"ML1857","Hagalaz' Runedance","Serenade of The Last Wolf","sad"
"ML1858","Dead Kennedys","One-Way Ticket to Pluto","angry"
"ML1859","Calvin Harris","Merrymaking At My Place","happy"
"ML1860","Gil Scott-Heron","Whitey On The Moon","angry"
"ML1861","Slayer","Consfearacy","angry"
"ML1862","Death From Above 1979","Going Steady","happy"
"ML1863","Macy Gray","Come Together","relaxed"
"ML1864","The Germs","Sex Boy (Live)","angry"
"ML1865","Procol Harum","All This and More","sad"
"ML1866","Aloha From Hell","Walk Away","sad"
"ML1867","Daniel Boone","Beautiful Sunday","happy"
"ML1868","""Weird Al"" Yankovic","Trigger Happy","happy"
"ML1869","Rivulets","Barreling Towards Nowhere Like There's No Tomorrow","sad"
"ML1870","iLiKETRAiNS","The accident","sad"
"ML1871","Jesu","Silver","sad"
"ML1872","Adam Ant","Apollo 9","happy"
"ML1873","Rachel Stevens","Fools","happy"
"ML1874","Timo Rautiainen & Trio Niskalaukaus","Lintu","sad"
"ML1875","Ensiferum","Slayer Of Light","angry"
"ML1876","Maximilian Hecker","My Friends","sad"
"ML1877","Silbermond","Symphonie","sad"
"ML1878","Devin Townsend","Bad Devil","angry"
"ML1879","Max Richter","Old Song","relaxed"
"ML1880","Black Rebel Motorcycle Club","Suddenly","sad"
"ML1881","Muse","Yes Please","angry"
"ML1882","Scissor Sisters","Filthy/Gorgeous","happy"
"ML1883","Nine Inch Nails","Something I Can Never Have","sad"
"ML1884","Maximilian Hecker","Summer Days in Bloom","relaxed"
"ML1885","Spike Jones & His City Slickers","Cocktails For Two","happy"
"ML1886","Ludacris","Blow It Out","angry"
"ML1887","Garou","Gitan","happy"
"ML1888","Gillian Welch","By The Mark","relaxed"
"ML1889","Leona Naess","Lazy Days","relaxed"
"ML1890","Juana Molina","La Verdad","relaxed"
"ML1891","Stray Cats","Rock This Town","happy"
"ML1892","The Kooks","One Last Time","sad"
"ML1893","Isobel Campbell & Mark Lanegan","No Place To Fall","sad"
"ML1894","Air","Cherry Blossom Girl (Radio Mix)","relaxed"
"ML1895","Venom","Warhead","angry"
"ML1896","The Alan Parsons Project","The Cask Of Amontillado","sad"
"ML1897","Tone-LÃ…Âc","Wild Thing","happy"
"ML1898","Dierks Bentley","What Was I Thinkin'","happy"
"ML1899","G. Love","Missing My Baby","relaxed"
"ML1900","Christina Aguilera","Hurt","angry"
"ML1901","The Stooges","T.V. Eye","angry"
"ML1902","Arctic Monkeys","The View From the Afternoon","happy"
"ML1903","3 Doors Down","Be Somebody","sad"
"ML1904","stellastarr*","Sweet Troubled Soul","happy"
"ML1905","Sun Kil Moon","Carry Me Ohio","sad"
"ML1906","Sylvester","You Make Me Feel (Mighty Real)","happy"
"ML1907","Love","Orange Skies","relaxed"
"ML1908","Diary of Dreams","Portrait Of A Cynic","sad"
"ML1909","Tori Amos","Professional Widow","angry"
"ML1910","ATB","Marrakech","relaxed"
"ML1911","Death Cab For Cutie","Soul Meets Body (Rolling Stone Original)","relaxed"
"ML1912","Slayer","Ghosts Of War","angry"
"ML1913","Lunascape","Inferno","relaxed"
"ML1914","India.Arie","The Truth","relaxed"
"ML1915","Neutral Milk Hotel","April 8th","sad"
"ML1916","Isis","The Other","sad"
"ML1917","Opeth","Heir Apparent","angry"
"ML1918","High On Fire","The Face of Oblivion","angry"
"ML1919","Mohombi","Bumpy Ride","happy"
"ML1920","Dwele","Find A Way","relaxed"
"ML1921","Ray Charles","What'd I Say","happy"
"ML1922","Above & Beyond","Home","relaxed"
"ML1923","Marilyn Manson","Misery Machine","angry"
"ML1924","Titus Andronicus","Arms Against Atrophy","angry"
"ML1925","Antimatter","Fighting for a Lost Cause","sad"
"ML1926","Natalie Merchant","San Andreas Fault (Remastered LP Version)","sad"
"ML1927","Lisa Ekdahl","ÃƒÂ–ppna Upp Ditt FÃƒÂ¶nster","happy"
"ML1928","Liv Kristine","Take Good Care","relaxed"
"ML1929","Ben Folds Five","Brick","sad"
"ML1930","Amy Winehouse","Monkey Man","happy"
"ML1931","Air","Photograph","relaxed"
"ML1932","DIR EN GREY","GRIEF","angry"
"ML1933","Pearl Jam","Animal","angry"
"ML1934","Ryan Adams","This House Is Not For Sale","relaxed"
"ML1935","Lloyd Banks","Father Time","angry"
"ML1936","SWV","You're The One","happy"
"ML1937","Cut Off Your Hands","Oh Girl","happy"
"ML1938","Nicole Atkins","Together We're Both Alone","relaxed"
"ML1939","Zeromancer","Houses of Cards","sad"
"ML1940","Biosphere","The Things I Tell You","relaxed"
"ML1941","Until June","The Saddest Song","sad"
"ML1942","Lordi","Hard Rock Hallelujah","happy"
"ML1943","Edward Sharpe & the Magnetic Zeros","40 Day Dream","happy"
"ML1944","David Jordan","Sun Goes Down","happy"
"ML1945","Shenandoah","Ghost In this House","sad"
"ML1946","Dew-Scented","Blueprints of hate","angry"
"ML1947","Bon Jovi","Bad Medicine","happy"
"ML1948","Cocteau Twins","Squeeze-Wax","relaxed"
"ML1949","Anathema","Far Away","sad"
"ML1950","The Velvet Underground","Sunday Morning","relaxed"
"ML1951","David Sanborn","Try A Little Tenderness","relaxed"
"ML1952","Rufus Wainwright","This Love Affair","sad"
"ML1953","Bodo Wartke","Ich trau mich nicht","happy"
"ML1954","The Maine","The Way We Talk","happy"
"ML1955","Harry Connick, Jr.","A Wink and a Smile","relaxed"
"ML1956","Howie Day","Numbness For Sound","sad"
"ML1957","Alison Krauss","Ghost in This House","sad"
"ML1958","Richard Hell & the Voidoids","Love Comes in Spurts","angry"
"ML1959","Dana Glover","Thinking Over","relaxed"
"ML1960","Triumph the Insult Comic Dog","I Keed (Album Version)","happy"
"ML1961","Cake","Short Skirt/Long Jacket","happy"
"ML1962","Godsmack","Vampires","angry"
"ML1963","Jamie Cullum","These Are The Days","relaxed"
"ML1964","Slipknot","(Sic)","angry"
"ML1965","Cradle of Filth","The Foetus of a New Day Kicking","angry"
"ML1966","Animal Collective","Water Curses","happy"
"ML1967","Groove Coverage","She","happy"
"ML1968","Beatallica","Sgt. Hetfield's Motorbreath Pub Band","happy"
"ML1969","Eminem","Lose Yourself","angry"
"ML1970","Green Carnation","Two Seconds in Life","sad"
"ML1971","Happy Mondays","Kinky Afro","happy"
"ML1972","""Weird Al"" Yankovic","Polkas On 45","happy"
"ML1973","Nine Inch Nails","No, You Don't","angry"
"ML1974","The Crazy World of Arthur Brown","Fire","angry"
"ML1975","Juanes","Me Enamora","happy"
"ML1976","R.E.M.","Moon River","sad"
"ML1977","Acid Bath","Dope Fiend","angry"
"ML1978","Stephen Lynch","Little Tiny Moustache","happy"
"ML1979","Robert Plant","Satan Your Kingdom Must Come Down","relaxed"
"ML1980","Chris Garneau","Saturday","sad"
"ML1981","Enya","Evacuee","relaxed"
"ML1982","Calvin Harris","Disco Heat","happy"
"ML1983","PJ Harvey","Man-Size","angry"
"ML1984","Mortal Love","All The Beauty","sad"
"ML1985","Lenny Kravitz","If You Can't Say No","relaxed"
"ML1986","Jane Monheit","Moon River","relaxed"
"ML1987","Turin Brakes","Future Boy","relaxed"
"ML1988","Slayer","World Painted Blood","angry"
"ML1989","Cavalera Conspiracy","Inflikted","angry"
"ML1990","Boyzone","Gave It All Away","sad"
"ML1991","Limp Bizkit","Eat You Alive","angry"
"ML1992","Static-X","No Submission","angry"
"ML1993","Primordial","Gallows Hymn","sad"
"ML1994","Misfits","Violent World","angry"
"ML1995","W.A.S.P.","I Don't Need No Doctor","angry"
"ML1996","A Day To Remember","If It Means a Lot to You","sad"
"ML1997","Prince","Beautiful, Loved and Blessed","relaxed"
"ML1998","Deine Lakaien","The Game","sad"
"ML1999","Fatboy Slim","Talking Bout My Baby","happy"
"ML2000","Cooler Kids","All Around The World (Punk Debutante)","happy"
